date,close,day_of_week,month,year,returns,ma_7,ma_15,ma_30
2021-03-11 11:54:48.888595,27368.754709157,3,3,2021,0.04567214115310936,28068.810694353895,28181.065419358874,29295.047974608362
2021-03-12 11:54:48.888595,28618.744337418448,4,3,2021,0.04567214115310936,28068.810694353895,28181.065419358874,29295.047974608362
2021-03-13 11:54:48.888595,28314.25820949071,5,3,2021,-0.01063939508798184,28068.810694353895,28181.065419358874,29295.047974608362
2021-03-14 11:54:48.888595,28209.070750393366,6,3,2021,-0.0037149996414910236,28068.810694353895,28181.065419358874,29295.047974608362
2021-03-15 11:54:48.888595,28004.262372085628,0,3,2021,-0.00726037309488059,28068.810694353895,28181.065419358874,29295.047974608362
2021-03-16 11:54:48.888595,28034.249978914857,1,3,2021,0.0010708229494065247,28068.810694353895,28181.065419358874,29295.047974608362
2021-03-17 11:54:48.888595,27932.33450301725,2,3,2021,-0.0036353915647560076,28068.810694353895,28181.065419358874,29295.047974608362
2021-03-18 11:54:48.888595,29350.985402670292,3,3,2021,0.05078884113677651,28351.98650771294,28181.065419358874,29295.047974608362
2021-03-19 11:54:48.888595,28681.482658455257,4,3,2021,-0.02281023056057685,28360.94912500391,28181.065419358874,29295.047974608362
2021-03-20 11:54:48.888595,28524.05655568503,5,3,2021,-0.005488771436431228,28390.920317317385,28181.065419358874,29295.047974608362
2021-03-21 11:54:48.888595,27223.375517379376,6,3,2021,-0.045599441151241926,28250.106712601097,28181.065419358874,29295.047974608362
2021-03-22 11:54:48.888595,28197.00051182042,0,3,2021,0.0357643009339339,28277.64073256321,28181.065419358874,29295.047974608362
2021-03-23 11:54:48.888595,28897.009306707685,1,3,2021,0.024825647486647284,28400.89206510504,28181.065419358874,29295.047974608362
2021-03-24 11:54:48.888595,27668.04838755885,2,3,2021,-0.04252900035795615,28363.136905753847,28181.065419358874,29295.047974608362
2021-03-25 11:54:48.888595,27692.348089628897,3,3,2021,0.0008782586227140676,28126.1887181765,28181.065419358874,29295.047974608362
2021-03-26 11:54:48.888595,27741.722178201773,4,3,2021,0.0017829505975106574,27991.93722099743,28205.92991729519,29295.047974608362
2021-03-27 11:54:48.888595,28145.74423255701,5,3,2021,0.014563697659430108,27937.892603407712,28174.396576971096,29295.047974608362
2021-03-28 11:54:48.888595,28799.518158081344,6,3,2021,0.023228162670791752,28163.05583779371,28206.747240210472,29295.047974608362
2021-03-29 11:54:48.888595,28914.361481831744,0,3,2021,0.003987682124402925,28265.53597636676,28253.76662230636,29295.047974608362
2021-03-30 11:54:48.888595,28462.570937957233,1,3,2021,-0.015625126086854513,28203.473352259552,28284.3205266978,29295.047974608362
2021-03-31 11:54:48.888595,28914.264847239283,2,3,2021,0.015869750848110487,28381.504275071038,28342.988184586095,29295.047974608362
2021-04-01 11:54:48.888595,30834.606387049214,3,4,2021,0.06641502213373007,28830.39831755966,28536.472976854893,29295.047974608362
2021-04-02 11:54:48.888595,31008.8201445943,4,4,2021,0.005649942644257555,29297.126598472878,28646.99529298316,29295.047974608362
2021-04-03 11:54:48.888595,31652.98863870889,5,4,2021,0.020773718287597776,29798.16151363743,28845.09569166674,29295.047974608362
2021-04-04 11:54:48.888595,31839.956018342622,6,4,2021,0.0059067844040825435,30232.50977938904,29066.15565584391,29295.047974608362
2021-04-05 11:54:48.888595,32457.755522270563,0,4,2021,0.019403277553902143,30738.708928023156,29415.11432283666,29295.047974608362
2021-04-06 11:54:48.888595,31659.04588855182,1,4,2021,-0.02460766682313309,31195.34820667953,29645.917347952083,29295.047974608362
2021-04-07 11:54:48.888595,32353.94609699108,2,4,2021,0.02194949939064772,31686.731242358357,29876.379800637642,29295.047974608362
2021-04-08 11:54:48.888595,32343.77820570255,3,4,2021,-0.0003142705145779967,31902.32721645169,30188.095121847222,29295.047974608362
2021-04-09 11:54:48.888595,31006.379209788345,4,4,2021,-0.04134949811393429,31901.97851147941,30409.03052985785,29295.047974608362
2021-04-10 11:54:48.888595,32008.12223286784,5,4,2021,0.03230764276930653,31952.711882073545,30693.457200168923,29449.693558732055
2021-04-11 11:54:48.888595,31163.361926012018,6,4,2021,-0.02639206076226408,31856.055583169178,30894.631713065923,29534.51414501851
2021-04-12 11:54:48.888595,30923.477573451994,0,4,2021,-0.007697640361446156,31636.873019052236,31036.229007423965,29621.488123817217
2021-04-13 11:54:48.888595,32540.4607854277,1,4,2021,0.052289824394262,31762.789432891645,31277.96896099703,29765.867791651697
2021-04-14 11:54:48.888595,32978.876580579796,2,4,2021,0.013472943669821325,31852.06521626146,31579.056003838534,29931.68826526817
2021-04-15 11:54:48.888595,32681.031442094507,3,4,2021,-0.009031391283373158,31900.244250031745,31830.173776828884,30086.58098070749
2021-04-16 11:54:48.888595,31981.97642999735,4,4,2021,-0.021390237126871825,32039.615281490172,31906.665113025425,30221.569044940163
2021-04-17 11:54:48.888595,32142.902521391195,5,4,2021,0.005031774435394265,32058.86960842208,31982.270604811885,30314.632948897524
2021-04-18 11:54:48.888595,32927.87340020829,6,4,2021,0.024421281752470714,32310.942676164403,32067.26292224518,30456.179306955957
2021-04-19 11:54:48.888595,33217.19323069458,0,4,2021,0.008786471782427974,32638.616341484772,32159.078736401974,30612.617196122945
2021-04-20 11:54:48.888595,32601.48786252376,1,4,2021,-0.01853574333914143,32647.33449535564,32168.66089241886,30791.88760762776
2021-04-21 11:54:48.888595,32379.787300811164,2,4,2021,-0.006800320361066925,32561.75031253155,32216.71031990281,30931.31383392745
2021-04-22 11:54:48.888595,31909.232971409954,3,4,2021,-0.014532347758486441,32451.493388148043,32187.062778197404,31031.721289417525
2021-04-23 11:54:48.888595,33277.73326059243,4,4,2021,0.04288728251188689,32636.601506804484,32249.326448523396,31218.71078518531
2021-04-24 11:54:48.888595,32627.02376862036,5,4,2021,-0.01955390070821439,32705.761684980076,32357.369419112198,31383.199974485025
2021-04-25 11:54:48.888595,33288.41987339046,6,4,2021,0.02027142007988525,32757.268324006098,32442.722595147035,31568.08989765798
2021-04-26 11:54:48.888595,32570.8739108385,0,4,2021,-0.021555422735025642,32664.93699259809,32536.556727468804,31715.594220267365
2021-04-27 11:54:48.888595,32436.77012318032,1,4,2021,-0.004117291664487932,32641.405886977598,32637.44289745069,31836.83595243733
2021-04-28 11:54:48.888595,32481.640889730184,2,4,2021,0.0013833302878019094,32655.956399680315,32633.521571070854,31955.745266033944
2021-04-29 11:54:48.888595,31762.742730364156,3,4,2021,-0.022132445888635055,32635.029222388057,32552.445981056484,32065.750992447505
2021-04-30 11:54:48.888595,32910.38260467119,4,4,2021,0.036131636491515184,32582.550557256454,32567.736058561593,32198.95491769524
2021-05-01 11:54:48.888595,32961.56715257272,5,5,2021,0.0015552705210502005,32630.34246924965,32633.042106733286,32269.85360987936
2021-05-02 11:54:48.888595,33785.19188988993,6,5,2021,0.024987426523284118,32701.309900178145,32742.5280646332,32362.399334722544
2021-05-03 11:54:48.888595,33752.16418289367,0,5,2021,-0.0009775793816386713,32870.065653328886,32797.480783478895,32432.371852862034
2021-05-04 11:54:48.888595,32865.91059001358,1,5,2021,-0.026257681969005908,32931.37143430506,32774.06194076683,32466.570338584403
2021-05-05 11:54:48.888595,33547.85224412103,2,5,2021,0.020749209191686324,33083.68734207518,32837.15289953998,32502.906895979417
2021-05-06 11:54:48.888595,32672.93195190113,3,5,2021,-0.02607977064681455,33213.71437372332,32856.69587627931,32536.70309809106
2021-05-07 11:54:48.888595,32567.125313843564,4,5,2021,-0.0032383576170429418,33164.677617890804,32900.55536577488,32543.809071986143
2021-05-08 11:54:48.888595,32308.98464319753,5,5,2021,-0.007926418686278747,33071.451545122916,32835.972124615226,32542.64928656931
2021-05-09 11:54:48.888595,32763.454094932793,6,5,2021,0.014066348935262818,32925.489002986185,32845.06747970272,32601.218449407457
2021-05-10 11:54:48.888595,32654.642256176547,0,5,2021,-0.0033211345312054164,32768.70015631231,32802.81563855513,32622.76911685108
2021-05-11 11:54:48.888595,32777.857974249855,1,5,2021,0.0037732986662868395,32756.121211203204,32816.61457611588,32676.585651792342
2021-05-12 11:54:48.888595,33604.467669017955,2,5,2021,0.025218539155837494,32764.209129045626,32894.46107917172,32765.951988311204
2021-05-13 11:54:48.888595,33063.7661429497,3,5,2021,-0.016090167872730765,32820.04258490971,32933.26942938636,32783.3955002286
2021-05-14 11:54:48.888595,32686.695360258625,4,5,2021,-0.011404350643566374,32837.124020111856,32994.86627137932,32773.6561262179
2021-05-15 11:54:48.888595,33041.59045423788,5,5,2021,0.010857478557185107,32941.78199311763,33003.61346135043,32785.67475995601
2021-05-16 11:54:48.888595,32771.952743596274,6,5,2021,-0.008160554832100098,32942.99608578383,32990.972500752,32812.00730374265
2021-05-17 11:54:48.888595,33679.81081617819,0,5,2021,0.027702287980362117,33089.44873721264,32983.94709583789,32863.237580235545
2021-05-18 11:54:48.888595,33170.750964907114,1,5,2021,-0.015114688560737055,33145.57630730653,32945.18621463879,32871.333499058834
2021-05-19 11:54:48.888595,34320.17460802058,2,5,2021,0.034651722064703794,33247.82015573548,33042.13714917259,32908.09954496971
2021-05-20 11:54:48.888595,34043.26881106358,3,5,2021,-0.00806830967847949,33387.74910832318,33075.164920302086,32956.15890992103
2021-05-21 11:54:48.888595,33437.909386805346,4,5,2021,-0.01778205928513832,33495.06539782985,33126.16341596237,32991.429646120836
2021-05-22 11:54:48.888595,32632.21175011384,5,5,2021,-0.024095335248723315,33436.58272581213,33130.50251171372,33015.528938744304
2021-05-23 11:54:48.888595,33394.08117594521,6,5,2021,0.023347158680677493,33525.458216147694,33202.842280563564,33019.40720258939
2021-05-24 11:54:48.888595,32995.32354985106,0,5,2021,-0.011940967143045267,33427.6743209581,33218.30024422479,33031.68386196375
2021-05-25 11:54:48.888595,33710.55594932675,1,5,2021,0.021676780904878123,33504.78931873234,33288.6944904348,33045.75506449496
2021-05-26 11:54:48.888595,33717.555381491824,2,5,2021,0.00020763324626260626,33418.70085779966,33351.34098425093,33083.977780183406
2021-05-27 11:54:48.888595,33575.688945417554,3,5,2021,-0.004207494715116389,33351.90373413594,33349.42240267757,33121.941740924645
2021-05-28 11:54:48.888595,33708.697487581085,4,5,2021,0.003961453847745489,33390.587748532475,33392.417825653,33162.84362751967
2021-05-29 11:54:48.888595,33374.134714962885,5,5,2021,-0.009925117182040588,33496.57674351091,33438.24711596661,33216.55669367297
2021-05-30 11:54:48.888595,34932.91263326722,6,5,2021,0.046706167264479515,33716.409808842625,33564.33526123523,33283.974361292836
2021-05-31 11:54:48.888595,35028.971063273646,0,5,2021,0.002749797333387871,34006.93088218871,33714.80314921373,33352.88782498286
2021-06-01 11:54:48.888595,32435.949795194338,1,6,2021,-0.07402504810647947,33824.844288741224,33631.87908114814,33307.91308849301
2021-06-02 11:54:48.888595,32030.719051706616,2,6,2021,-0.012493259671642498,33583.867670200474,33555.87695360144,33250.53158412011
2021-06-03 11:54:48.888595,32353.318713103235,3,6,2021,0.010071571008938518,33409.243351298435,33424.75322727361,33233.4451882231
2021-06-04 11:54:48.888595,32220.78814205363,4,6,2021,-0.0040963516671918,33196.684873365935,33303.25451600629,33189.20971815418
2021-06-05 11:54:48.888595,32784.98797931748,5,6,2021,0.01751042944003811,33112.52105398802,33259.72642217376,33192.94491906806
2021-06-06 11:54:48.888595,32227.737734869243,6,6,2021,-0.016997116021508885,32726.067497074026,33232.76148782412,33181.63199976892
2021-06-07 11:54:48.888595,32237.97629767989,0,6,2021,0.0003176941209734885,32327.353959132062,33155.6878292731,33179.26505491833
2021-06-08 11:54:48.888595,31614.13164788707,1,6,2021,-0.01935123483038592,32209.951366659596,33063.608369142166,33140.954306683474
2021-06-09 11:54:48.888595,31043.281483570547,2,6,2021,-0.018056803541990574,32068.888856925874,32885.79007142508,33087.242280929946
2021-06-10 11:54:48.888595,31828.459504904036,3,6,2021,0.025293009753142304,31993.90897004027,32759.85034631923,33055.59566528508
2021-06-11 11:54:48.888595,32179.795468573087,4,6,2021,0.011038421875708915,31988.052873828765,32666.79078119627,33008.10659193692
2021-06-12 11:54:48.888595,32162.966601809178,5,6,2021,-0.000522963757813355,31899.192677041865,32563.74205547814,32978.07994056556
2021-06-13 11:54:48.888595,32423.764691884902,6,6,2021,0.008108645365476175,31927.1965280441,32500.384053939608,32969.31558495311
2021-06-14 11:54:48.888595,32395.647538162113,0,6,2021,-0.0008671773308861486,31949.720990970138,32331.233047599268,32947.78415441725
2021-06-15 11:54:48.888595,31933.044002723145,1,6,2021,-0.014279805177347393,31995.279898803856,32124.83791022923,32919.82052972148
2021-06-16 11:54:48.888595,31728.75562073834,2,6,2021,-0.006397397691475515,32093.20477554211,32077.691631932168,32854.78535654015
2021-06-17 11:54:48.888595,30933.758929307915,3,6,2021,-0.025056031220802244,31965.39040759981,32004.560957105587,32780.21895535351
2021-06-18 11:54:48.888595,30586.357020413736,4,6,2021,-0.01123051064334235,31737.75634357705,31886.763510926285,32655.75836909995
2021-06-19 11:54:48.888595,30685.004686944863,5,6,2021,0.0032252179121980973,31526.618927167856,31784.377947252367,32543.816231629327
2021-06-20 11:54:48.888595,31737.94430935024,6,6,2021,0.034314468358330075,31428.644586805767,31714.57503592122,32487.150729047487
2021-06-21 11:54:48.888595,31854.9857679247,0,6,2021,0.003687745413932797,31351.407191057562,31689.724904791583,32461.24319630785
2021-06-22 11:54:48.888595,32309.226216165254,1,6,2021,0.014259634317524528,31405.14750726358,31694.474899357276,32425.081364315185
2021-06-23 11:54:48.888595,32532.773783503373,2,6,2021,0.006919000964073607,31520.00724480144,31755.717708398362,32409.663038770264
2021-06-24 11:54:48.888595,32153.781308764763,3,6,2021,-0.011649559218672834,31694.296156152417,31829.75103007798,32357.770550751527
2021-06-25 11:54:48.888595,32638.67687945596,4,6,2021,0.015080514669017164,31987.484707444168,31883.76552171477,32321.807934017
2021-06-26 11:54:48.888595,33142.2005244324,5,6,2021,0.015427207629650441,32338.5126842281,31947.925858772058,32307.358319984163
2021-06-27 11:54:48.888595,32106.593266954605,6,6,2021,-0.03124738976563579,32391.176821028723,31944.167636448423,32253.954845963282
2021-06-28 11:54:48.888595,31494.08797901599,0,6,2021,-0.01907724319568438,32339.619994041765,31882.189188923825,32191.28662143172
2021-06-29 11:54:48.888595,31726.89980228687,1,6,2021,0.007392238931509976,32256.430506344852,31837.606006532144,32084.419527065707
2021-06-30 11:54:48.888595,29918.66479208644,2,6,2021,-0.05699375045998323,31882.986364713863,31703.314059156364,31914.075984692798
2021-07-01 11:54:48.888595,31585.92440927102,3,7,2021,0.055726404529441886,31801.863950500472,31693.791978391873,31885.741805162026
2021-07-02 11:54:48.888595,31667.82494076622,4,7,2021,0.0025929439466130244,31663.170816401933,31742.7297124891,31873.64533479734
2021-07-03 11:54:48.888595,30987.48249991753,5,7,2021,-0.021483712320667814,31355.353955756953,31769.471411122686,31828.117461024485
2021-07-04 11:54:48.888595,30868.810146101285,6,7,2021,-0.0038296868361784586,31178.52779563505,31781.725108399776,31783.051527826072
2021-07-05 11:54:48.888595,30818.394453715584,0,7,2021,-0.0016332243499858068,31082.000149163567,31720.421784690803,31717.49841030601
2021-07-06 11:54:48.888595,29361.8633181376,1,7,2021,-0.04726174615505907,30744.1377942851,31554.21362137166,31621.96926308162
2021-07-07 11:54:48.888595,30682.63322368467,2,7,2021,0.044982496214100776,30853.27614165627,31445.774088539623,31570.12449394845
2021-07-08 11:54:48.888595,30200.633145956173,3,7,2021,-0.01570921485827448,30655.377389754147,31290.29804603647,31523.00787721742
2021-07-09 11:54:48.888595,30546.419678881448,4,7,2021,0.011449645153269739,30495.176638056324,31183.140604044253,31506.445817061114
2021-07-10 11:54:48.888595,30306.92335348678,5,7,2021,-0.007840405779543591,30397.953902851932,31027.69036897964,31455.727945347207
2021-07-11 11:54:48.888595,29817.017655526914,6,7,2021,-0.016164811328613582,30247.69783276988,30806.01151105261,31376.96868491233
2021-07-12 11:54:48.888595,29460.611755192993,0,7,2021,-0.011953103574993462,30053.72887583808,30629.612743601832,31286.89019002513
2021-07-13 11:54:48.888595,29420.37778891419,1,7,2021,-0.0013656867214141277,30062.08808594902,30491.365397595047,31186.777293259438
2021-07-14 11:54:48.888595,29061.62066550682,2,7,2021,-0.012194171195944015,29830.514863352186,30313.68012180971,31075.643064170927
2021-07-15 11:54:48.888595,30046.160830807523,3,7,2021,0.033877675874740554,29808.447389759527,30322.179857724448,31012.746958440406
2021-07-16 11:54:48.888595,30933.79536673067,4,7,2021,0.02954236119953868,29863.786773737986,30278.70458822176,30986.24828330682
2021-07-17 11:54:48.888595,30201.11624576794,5,7,2021,-0.02368539366982192,29848.67147263529,30180.924008555205,30961.826860522153
2021-07-18 11:54:48.888595,30709.57703284269,6,7,2021,0.01683582762097413,29976.17995510897,30162.396977416884,30965.934194269783
2021-07-19 11:54:48.888595,30357.547475309213,0,7,2021,-0.011463184828530704,30104.313629411296,30128.31279936408,30955.01895388193
2021-07-20 11:54:48.888595,30241.932730496017,1,7,2021,-0.0038084349503934023,30221.67862106584,30089.882017816108,30905.151901253455
2021-07-21 11:54:48.888595,29776.911026849775,2,7,2021,-0.015376719067208056,30323.862958400543,30117.55186506359,30835.882743217626
2021-07-22 11:54:48.888595,30279.67068132564,3,7,2021,0.016884211193784582,30357.221508474562,30090.687695572982,30768.230892056305
2021-07-23 11:54:48.888595,31454.32680911843,4,7,2021,0.03879355691002395,30431.583143101387,30174.267273117137,30732.282659576806
2021-07-24 11:54:48.888595,30853.747357642107,5,7,2021,-0.019093699099680506,30524.81615908341,30194.75578503451,30688.948194539385
2021-07-25 11:54:48.888595,30983.20591345651,6,7,2021,0.004195877872265497,30563.9059991711,30239.841289032494,30633.765829006068
2021-07-26 11:54:48.888595,31117.55557752104,0,7,2021,0.004336209249611089,30672.478585201363,30326.543817165435,30566.277664109024
2021-07-27 11:54:48.888595,30310.48600149371,1,7,2021,-0.025936149580153667,30682.271909629602,30383.20210025215,30506.40742192699
2021-07-28 11:54:48.888595,31033.051110031876,2,7,2021,0.02383878333401035,30861.72049294133,30490.71365499333,30491.039526294186
2021-07-29 11:54:48.888595,31069.894499015933,3,7,2021,0.0011872306352804785,30974.60960975423,30624.598577227272,30469.139349518493
2021-07-30 11:54:48.888595,30221.026528302256,4,7,2021,-0.0273212376289389,30798.42385535192,30636.256290393587,30479.21807405902
2021-07-31 11:54:48.888595,30908.36181135859,5,7,2021,0.022743611386351725,30806.225920168563,30634.560720035446,30456.632654128603
2021-08-01 11:54:48.888595,32325.34806300242,6,8,2021,0.045844754254271036,30997.960512960828,30776.176174517746,30478.550091536476
2021-08-02 11:54:48.888595,32791.20264251511,0,8,2021,0.01441143274326806,31237.052950817128,30914.95121516258,30538.67409628973
2021-08-03 11:54:48.888595,32236.035735494006,1,8,2021,-0.016930361264069993,31512.13148424574,31040.183765841564,30584.24828260282
2021-08-04 11:54:48.888595,33044.58012134242,2,8,2021,0.025082004266366864,31799.49277157582,31227.02692523132,30658.454471523717
2021-08-05 11:54:48.888595,32633.934253428408,3,8,2021,-0.01242702635064774,32022.92702220617,31417.495140336563,30767.523502700078
2021-08-06 11:54:48.888595,31281.467636966936,4,8,2021,-0.04144356625708978,32174.41860915827,31484.281604045987,30787.484649809485
2021-08-07 11:54:48.888595,32144.303493774136,5,8,2021,0.027582972347101276,32350.981706646206,31530.280049689696,30852.273661403415
2021-08-08 11:54:48.888595,33412.496913750154,6,8,2021,0.03945313110366966,32506.288685324456,31700.863353430235,30947.809569232373
2021-08-09 11:54:48.888595,32332.99180086332,0,8,2021,-0.032308423871266756,32440.829993659914,31790.849079257354,31015.345184144924
2021-08-10 11:54:48.888595,32244.24206367434,1,8,2021,-0.0027448662262862245,32442.0023262571,31865.961511667578,31096.252664416505
2021-08-11 11:54:48.888595,32935.211885622084,2,8,2021,0.021429246827487924,32426.378292582765,32040.94323727613,31212.072668764144
2021-08-12 11:54:48.888595,33179.93291145365,3,8,2021,0.007430376542936434,32504.37810087209,32184.06869070425,31337.39117284879
2021-08-13 11:54:48.888595,32026.867027420743,4,8,2021,-0.03475190522868332,32610.863728079778,32247.86685926457,31436.232718245923
2021-08-14 11:54:48.888595,33044.49902061434,5,8,2021,0.03177432223771137,32739.463089056946,32436.098358752046,31536.177324572815
2021-08-15 11:54:48.888595,32826.71118850082,6,8,2021,-0.006590743953408307,32655.779414021326,32563.988317228195,31599.274518631817
2021-08-16 11:54:48.888595,32260.3842742627,0,8,2021,-0.017252015012594546,32645.406910221238,32559.657397978877,31667.916786248312
2021-08-17 11:54:48.888595,32656.573107992797,1,8,2021,0.012280970690301984,32704.31134512388,32550.68209567739,31732.816655419985
2021-08-18 11:54:48.888595,32426.57088649491,2,8,2021,-0.007043060542123891,32631.648345248566,32563.38443907745,31801.784102459504
2021-08-19 11:54:48.888595,32891.616816354646,3,8,2021,0.014341508125776503,32590.46033166299,32553.1868854116,31890.10690532146
2021-08-20 11:54:48.888595,32468.73020465254,4,8,2021,-0.012856972463932914,32653.583642696107,32542.173282159874,31979.834211248217
2021-08-21 11:54:48.888595,32860.00700514081,5,8,2021,0.01205088089438755,32627.227640485606,32647.40924003813,32065.84542204206
2021-08-22 11:54:48.888595,31999.6839358898,6,8,2021,-0.02618146335502658,32509.080890112597,32637.767936179178,32084.023992934435
2021-08-23 11:54:48.888595,32961.11919685519,0,8,2021,0.030045148661205223,32609.185879054385,32607.676088386175,32154.269720908207
2021-08-24 11:54:48.888595,32384.32020014639,1,8,2021,-0.01749937534778334,32570.292606504896,32611.09798167172,32200.973530464536
2021-08-25 11:54:48.888595,32604.750883026445,2,8,2021,0.006806710207832634,32595.746891723687,32635.131902961857,32250.546707314716
2021-08-26 11:54:48.888595,32032.905054515617,3,8,2021,-0.017538727118707187,32473.073782889544,32574.978114221427,32307.960675748778
2021-08-27 11:54:48.888595,32934.82021966781,4,8,2021,0.028155896682403814,32539.658070748865,32558.63726810237,32371.352979403313
2021-08-28 11:54:48.888595,33229.35451602677,5,8,2021,0.00894294532031692,32592.42200087543,32638.803100676105,32443.33497997034
2021-08-29 11:54:48.888595,32432.93558063438,6,8,2021,-0.02396733090341152,32654.315092981797,32598.03220467744,32517.06528171474
2021-08-30 11:54:48.888595,33158.23842769299,0,8,2021,0.022363157514846854,32682.474983101485,32620.134020623584,32592.061168925888
2021-08-31 11:54:48.888595,32554.668450298563,1,8,2021,-0.01820271540391416,32706.810447408938,32639.752965692645,32599.70518183576
2021-09-01 11:54:48.888595,32922.25299929483,2,9,2021,0.011291300648859748,32752.167892590136,32657.464958446108,32604.073527061748
2021-09-02 11:54:48.888595,32308.147077098136,3,9,2021,-0.018653216783488413,32791.4881815305,32649.57003781966,32606.477238448555
2021-09-03 11:54:48.888595,32800.2034624901,4,9,2021,0.015230102308799953,32772.2572162194,32643.475814228692,32598.331349820142
2021-09-04 11:54:48.888595,31591.31567755527,5,9,2021,-0.036856106283526424,32538.25166786632,32584.981512422208,32563.57739729104
2021-09-05 11:54:48.888595,32896.94055163517,6,9,2021,0.04132860079035927,32604.538092295006,32587.443748855163,32617.42649444665
2021-09-06 11:54:48.888595,32174.781642468057,0,9,2021,-0.021952160202667104,32464.0442658343,32599.116929293716,32618.442432736443
2021-09-07 11:54:48.888595,31833.62853389823,1,9,2021,-0.010603121176105623,32361.038563491402,32523.950885096583,32565.813486741383
2021-09-08 11:54:48.888595,31445.533513299335,2,9,2021,-0.01219135356139589,32150.078636920614,32461.365105973447,32536.231543822578
2021-09-09 11:54:48.888595,33118.132790894786,3,9,2021,0.0531903609422959,32265.790881748708,32495.590566498002,32565.36123472993
2021-09-10 11:54:48.888595,33797.37524672464,4,9,2021,0.020509684531991423,32408.243993782213,32613.22191264527,32594.10001343335
2021-09-11 11:54:48.888595,32782.129635284546,5,9,2021,-0.030039185115077305,32578.360273457823,32603.04254035305,32580.839904227712
2021-09-12 11:54:48.888595,33099.85778040503,6,9,2021,0.00969211422977545,32607.348448996374,32594.40942464494,32616.60626266052
2021-09-13 11:54:48.888595,33299.05929371221,0,9,2021,0.006018198465647551,32767.959542031254,32652.151005516793,32625.091605097117
2021-09-14 11:54:48.888595,33347.18791016818,1,9,2021,0.0014453446276498916,32984.18231006982,32664.747637681805,32642.4408291527
2021-09-15 11:54:48.888595,33010.852732514744,2,9,2021,-0.010085863268574968,33207.7993413863,32695.159923162882,32667.456444427768
2021-09-16 11:54:48.888595,32323.9533091864,3,9,2021,-0.020808290803459584,33094.34512971368,32655.27327715565,32656.369117800885
2021-09-17 11:54:48.888595,32016.440150231512,4,9,2021,-0.009513476152296363,32839.925830214655,32635.82614869788,32642.698093258772
2021-09-18 11:54:48.888595,33021.62598808359,5,9,2021,0.03139592762766319,32874.13959490024,32650.587650404115,32647.0317323164
2021-09-19 11:54:48.888595,33207.75215367518,6,9,2021,0.005636493056361047,32889.55307679598,32758.35008214544,32671.665797283822
2021-09-20 11:54:48.888595,33383.466089687456,0,9,2021,0.005291352910583136,32901.61119050672,32790.78511801559,32689.114433435378
2021-09-21 11:54:48.888595,32954.67181610952,1,9,2021,-0.012844510286198152,32845.53746278406,32842.77779625836,32720.947362776034
2021-09-22 11:54:48.888595,32804.99343372876,2,9,2021,-0.004541947290993442,32816.128991528916,32907.53545624706,32715.74317067182
2021-09-23 11:54:48.888595,33241.82728181599,3,9,2021,0.013316077900448198,32947.25384476171,33027.28837414817,32744.326740060806
2021-09-24 11:54:48.888595,33026.315816848095,4,9,2021,-0.006483141349025168,33091.521797135516,33021.16724254506,32758.37890452153
2021-09-25 11:54:48.888595,33413.526165902855,5,9,2021,0.01172429741186054,33147.50753682398,32995.5773038236,32804.39960823444
2021-09-26 11:54:48.888595,33244.88176222392,6,9,2021,-0.0050471896573138775,33152.81176661666,33026.42744561956,32814.734992986305
2021-09-27 11:54:48.888595,33000.68610243589,0,9,2021,-0.007345361055412503,33098.128911295,33019.81600042162,32807.11271253328
2021-09-28 11:54:48.888595,33148.52702005278,1,9,2021,0.004479934664327612,33125.82251185833,33009.78051551099,32830.96576051389
2021-09-29 11:54:48.888595,33084.493586589655,2,9,2021,-0.0019317127854395766,33165.75110512417,32992.26756060575,32828.507599143784
2021-09-30 11:54:48.888595,33747.26030622225,3,9,2021,0.02003254841722102,33237.955822896496,33041.361398852925,32868.2606610079
2021-10-01 11:54:48.888595,34398.77526050067,4,10,2021,0.019305713956231818,33434.021457704,33179.68286227387,32917.478069714765
2021-10-02 11:54:48.888595,33525.95337979054,5,10,2021,-0.025373632465117812,33450.08248825938,33280.31707757781,32958.07161313785
2021-10-03 11:54:48.888595,33623.726565347955,6,10,2021,0.002916343181946779,33504.20317441996,33320.4571160621,32985.5223832331
2021-10-04 11:54:48.888595,34220.176085099556,0,10,2021,0.017738947483777467,33678.4160290862,33387.95204482372,33073.15106348458
2021-10-05 11:54:48.888595,33239.787634344415,1,10,2021,-0.02864942741139287,33691.453259699294,33378.37348113419,33084.579299574885
2021-10-06 11:54:48.888595,33309.152881802125,2,10,2021,0.002086813797391507,33723.547444729644,33402.005552180366,33122.39167421936
2021-10-07 11:54:48.888595,34676.461308963626,3,10,2021,0.04104903033749929,33856.29044512127,33526.77007719602,33217.15276672154
2021-10-08 11:54:48.888595,35137.318280925676,4,10,2021,0.013290196132063947,33961.79659089627,33653.136143803335,33340.21225897575
2021-10-09 11:54:48.888595,34719.87948940354,5,10,2021,-0.01188021203509848,34132.35746369813,33766.040388640366,33393.60381559271
2021-10-10 11:54:48.888595,34145.14209035355,6,10,2021,-0.0165535539725995,34206.84539584179,33814.814783603746,33405.19604371367
2021-10-11 11:54:48.888595,34951.89091572921,0,10,2021,0.02362704548837047,34311.37608593173,33928.61539383743,33477.521419728495
2021-10-12 11:54:48.888595,34117.56269234018,1,10,2021,-0.023870760680749337,34436.77252278827,34003.07383316438,33511.444916793
2021-10-13 11:54:48.888595,34262.71351796057,2,10,2021,0.004254431271345727,34572.99547081091,34077.3529330249,33543.56672426794
2021-10-14 11:54:48.888595,34682.13893307434,3,10,2021,0.012241453523344159,34573.80655996958,34183.86262279055,33588.065091698154
2021-10-15 11:54:48.888595,34251.693733038504,4,10,2021,-0.012411149175846958,34447.28876741427,34217.49151791163,33629.42645838227
2021-10-16 11:54:48.888595,34985.56638638378,5,10,2021,0.021425879229948874,34485.24403841145,34256.61092630384,33718.14689428885
2021-10-17 11:54:48.888595,34425.54617621807,6,10,2021,-0.016007178617055917,34525.30176496352,34316.58377939901,33798.45042848841
2021-10-18 11:54:48.888595,34100.84469220052,0,10,2021,-0.009431992229127384,34403.72373303085,34348.391654522515,33834.4243852923
2021-10-19 11:54:48.888595,32882.19069607631,1,10,2021,-0.03573676860863617,34227.24201927887,34259.192628587625,33823.57233670568
2021-10-20 11:54:48.888595,33653.6338309422,2,10,2021,0.023460819323024795,34140.2306354191,34286.78237502748,33832.577928080835
2021-10-21 11:54:48.888595,34094.94808092727,3,10,2021,0.013113420446718926,34056.34622796952,34339.16872163582,33870.58713690809
2021-10-22 11:54:48.888595,33564.25187480479,4,10,2021,-0.015565244588812144,33958.140248221855,34265.02142602523,33895.895751610624
2021-10-23 11:54:48.888595,35006.33644294887,5,10,2021,0.04296489531550063,33961.107399159715,34256.289303493446,33954.712723648394
2021-10-24 11:54:48.888595,34250.04792308038,6,10,2021,-0.021604332150010674,33936.03622014005,34224.9671990719,33995.503793856136
2021-10-25 11:54:48.888595,35081.171779828925,0,10,2021,0.024266356024233993,34076.0829469441,34287.36917837026,34051.091980987
2021-10-26 11:54:48.888595,34600.530456586275,1,10,2021,-0.013700834346673907,34321.56005558839,34263.94514776073,34096.28027079908
2021-10-27 11:54:48.888595,34500.58565821811,2,10,2021,-0.0028885337030762903,34442.553173770655,34289.48001215259,34146.276922658486
2021-10-28 11:54:48.888595,34062.66818035588,3,10,2021,-0.012693044755833327,34437.941759403315,34276.14365631228,34176.74829466859
2021-10-29 11:54:48.888595,34127.40003608277,4,10,2021,0.0019003753723620953,34518.39149672875,34239.16106317951,34211.511842985026
2021-10-30 11:54:48.888595,34250.17046653484,5,10,2021,0.0035974152828008865,34410.36778581245,34239.059512079264,34228.275514995454
2021-10-31 11:54:48.888595,33918.55086591148,6,10,2021,-0.00968227591589299,34363.01106335975,34167.92514404778,34212.26803517581
2021-11-01 11:54:48.888595,35576.0391347383,0,11,2021,0.04886671825631006,34433.70639977538,34244.62467461579,34280.604227007396
2021-11-02 11:54:48.888595,34510.22976642753,1,11,2021,-0.029958629297494044,34420.80630118127,34271.9170128976,34310.15433371005
2021-11-03 11:54:48.888595,33791.847235439345,2,11,2021,-0.020816509650916526,34319.55795507002,34332.56078218846,34295.876705388044
2021-11-04 11:54:48.888595,34849.321199295686,3,11,2021,0.03129376019276364,34431.93695777571,34412.27327341203,34349.52782421975
2021-11-05 11:54:48.888595,33617.37848072371,4,11,2021,-0.03535055135010412,34359.076735581555,34380.435300065124,34359.80201085047
2021-11-06 11:54:48.888595,35143.369067751206,5,11,2021,0.04539290854884781,34486.67653575532,34485.70977959489,34375.36560281006
2021-11-07 11:54:48.888595,34978.125334273245,6,11,2021,-0.004701988962964698,34638.04431694986,34483.82903901651,34370.05917125497
2021-11-08 11:54:48.888595,34903.126260061275,0,11,2021,-0.0021441707780285313,34541.91390628171,34527.36759481524,34376.16739694357
2021-11-09 11:54:48.888595,34159.170748941935,1,11,2021,-0.02131486748711764,34491.762618069486,34465.90085942277,34376.635018896515
2021-11-10 11:54:48.888595,32992.89478258395,2,11,2021,-0.03414239692554921,34377.62655337586,34358.72514782262,34311.33514779167
2021-11-11 11:54:48.888595,35141.314130089406,3,11,2021,0.0651176370446751,34419.339829203534,34401.440379280706,34345.46019571665
2021-11-12 11:54:48.888595,34418.71221880122,4,11,2021,-0.020562745849890263,34533.81607750032,34425.176648510394,34350.660152411336
2021-11-13 11:54:48.888595,35258.10575133802,5,11,2021,0.024387708848626843,34550.20703229844,34500.55702952741,34369.85904635346
2021-11-14 11:54:48.888595,34483.2899024147,6,11,2021,-0.021975538175187492,34479.516256318646,34516.09832525274,34377.578918666
2021-11-15 11:54:48.888595,34176.8639142114,0,11,2021,-0.00888621674644341,34375.7644926258,34533.3191951394,34350.62216959359
2021-11-16 11:54:48.888595,33570.287559278935,1,11,2021,-0.017748157246231022,34291.63832267395,34399.602423442106,34322.11354902895
2021-11-17 11:54:48.888595,33711.78832482189,2,11,2021,0.004215059680173772,34394.33740013651,34346.37299400173,34309.14500344966
2021-11-18 11:54:48.888595,34321.89739907966,3,11,2021,0.01809779618865681,34277.27786713512,34381.70967157775,34357.1352268831
2021-11-19 11:54:48.888595,33175.3075770486,4,11,2021,-0.03340694742773165,34099.648632599026,34270.10876342795,34341.19101841999
2021-11-20 11:54:48.888595,33228.256361453336,5,11,2021,0.0015960299473263273,33809.67014832979,34244.16728880992,34312.30129443752
2021-11-21 11:54:48.888595,34157.11685545188,6,11,2021,0.027953934262890723,33763.07399876367,34178.4171413233,34332.06346045909
2021-11-22 11:54:48.888595,34787.08346803807,0,11,2021,0.018443202195668862,33850.24822073891,34165.68101690762,34324.75502796206
2021-11-23 11:54:48.888595,34177.382412802486,1,11,2021,-0.017526650539582356,33936.97605695656,34117.29809375703,34322.33284428613
2021-11-24 11:54:48.888595,33826.43159483774,2,11,2021,-0.010268510728114855,33953.35366695882,34095.115483483416,34280.5081714531
2021-11-25 11:54:48.888595,32651.28832925778,3,11,2021,-0.03474038526012602,33714.69522841284,34072.34171992834,34215.533433875484
2021-11-26 11:54:48.888595,34286.90528954757,4,11,2021,0.05009348923068879,33873.49490162698,34015.38113055888,34208.410754919794
2021-11-27 11:54:48.888595,34874.89168664174,5,11,2021,0.017149007533013627,34108.72851951104,34045.793095081586,34235.48487179599
2021-11-28 11:54:48.888595,33522.60714381193,6,11,2021,-0.03877530445055921,34018.084274991044,33930.09318791318,34215.325108720295
2021-11-29 11:54:48.888595,34613.04494619889,0,11,2021,0.03252843067094924,33993.22162901402,33938.74352416546,34227.4209247091
2021-11-30 11:54:48.888595,35407.3893161665,1,11,2021,0.022949277395337697,34168.93690092317,34020.77855096247,34277.04887305093
2021-12-01 11:54:48.888595,34758.0350121828,2,12,2021,-0.018339513771697624,34302.02310340103,34099.96171448939,34249.78206896575
2021-12-02 11:54:48.888595,34657.34483803202,3,12,2021,-0.002896889139892167,34588.602604654494,34162.99881537007,34254.6859046859
2021-12-03 11:54:48.888595,34530.246834810874,4,12,2021,-0.003667274680594468,34623.36568254925,34176.888777752145,34279.29922466495
2021-12-04 11:54:48.888595,33483.41813179261,5,12,2021,-0.030316282070793843,34424.583746142234,34197.42948140175,34233.769122414844
2021-12-05 11:54:48.888595,33467.143719182845,6,12,2021,-0.0004860439440713682,34416.660399766646,34213.35530525038,34228.761297030156
2021-12-06 11:54:48.888595,34128.289233682306,0,12,2021,0.019755062459079875,34347.40958369285,34211.433463799076,34194.92530256118
2021-12-07 11:54:48.888595,34580.359084241645,1,12,2021,0.013246191377010996,34229.26240770359,34197.651838212645,34181.666427560136
2021-12-08 11:54:48.888595,34513.87488166865,2,12,2021,-0.0019226001213877852,34194.38238905871,34220.084669470394,34168.69138161372
2021-12-09 11:54:48.888595,34679.62186380573,3,12,2021,0.004802328996826644,34197.564821312095,34276.96402073493,34186.03975210917
2021-12-10 11:54:48.888595,33951.879167992556,4,12,2021,-0.020984735608455485,34114.94086890948,34363.67007665058,34218.00589828946
2021-12-11 11:54:48.888595,33822.90458630042,5,12,2021,-0.003798746486283533,34163.43893383916,34332.736696434105,34174.05891349649
2021-12-12 11:54:48.888595,34593.78567179789,6,12,2021,0.022791687908722658,34324.38778421275,34313.996295444515,34179.89469526304
2021-12-13 11:54:48.888595,34103.01221405428,0,12,2021,-0.014186751990653113,34320.77678140874,34352.689966794,34141.39157735359
2021-12-14 11:54:48.888595,34475.316484081486,1,12,2021,0.010917049429251646,34305.77069567157,34343.50806931951,34141.12579674248
2021-12-15 11:54:48.888595,34185.98459957938,2,12,2021,-0.008392435922544794,34258.92922680168,34262.0810882137,34141.429819588084
2021-12-16 11:54:48.888595,34482.69622418049,3,12,2021,0.008679335349748962,34230.7969925695,34243.725169013545,34171.843441751465
2021-12-17 11:54:48.888595,33998.78533413162,4,12,2021,-0.014033441204911568,34237.49787344651,34199.82120208685,34181.41000872846
2021-12-18 11:54:48.888595,33626.88219449194,5,12,2021,-0.010938718427282335,34209.494674616726,34139.59689273226,34158.24283524221
2021-12-19 11:54:48.888595,32848.203293950435,6,12,2021,-0.023156440613131046,33960.125763495664,34097.24923687611,34147.33935913893
2021-12-20 11:54:48.888595,34024.244775061365,0,12,2021,0.03580230768139203,33948.873272210956,34134.389307268015,34173.872306259196
2021-12-21 11:54:48.888595,32985.34763372873,1,12,2021,-0.03053402502247793,33736.020579303426,34058.19320060444,34134.81333220176
2021-12-22 11:54:48.888595,33928.96638696377,2,12,2021,0.028607209592363292,33699.3036917869,34014.76702078592,34106.20942949928
2021-12-23 11:54:48.888595,34184.67353204118,3,12,2021,0.007536543912391558,33656.72902148129,33992.82026414409,34106.45246680724
2021-12-24 11:54:48.888595,33788.3735388142,4,12,2021,-0.011592914375956553,33626.6701935788,33933.40370914465,34105.18386493979
2021-12-25 11:54:48.888595,34621.78858992422,5,12,2021,0.02466573450635723,33768.79967864056,33978.06433727343,34170.867206962
2021-12-26 11:54:48.888595,33449.829787666495,6,12,2021,-0.03385032518507125,33854.746320599996,33953.192684031164,34142.964690232635
2021-12-27 11:54:48.888595,33233.67574674751,0,12,2021,-0.006462037095288364,33741.80788798373,33862.518689027806,34088.25749223616
2021-12-28 11:54:48.888595,34918.90193271114,1,12,2021,0.05070838985147641,34018.0299306955,33916.91133693826,34134.800651866135
2021-12-29 11:54:48.888595,34444.136577734964,2,12,2021,-0.013596228079882033,34091.625672234244,33914.832676515165,34129.17037291733
2021-12-30 11:54:48.888595,33684.80773546467,3,12,2021,-0.02204522794631858,34020.216272723315,33881.42088557418,34071.75098689394
2021-12-31 11:54:48.888595,34019.196446341564,4,12,2021,0.009926988852153595,34053.19097379865,33850.52090038492,34047.12303469923
2022-01-01 11:54:48.888595,31436.832220947523,5,1,2022,-0.07590903064001531,33598.19720680198,33679.72402617265,33939.772614129746
2022-01-02 11:54:48.888595,30454.25370792396,6,1,2022,-0.03125564643783785,33170.25776683876,33468.21546040145,33803.90617656685
2022-01-03 11:54:48.888595,30345.26861818245,0,1,2022,-0.00357864916956252,32757.628177043753,33301.353148683585,33699.30119277984
2022-01-04 11:54:48.888595,29943.38551849711,1,1,2022,-0.013243682392204525,32046.840117870324,33029.29586491263,33581.84258609032
2022-01-05 11:54:48.888595,29763.376787709825,2,1,2022,-0.00601163588118947,31378.16014786673,32814.497808511376,33436.34550455791
2022-01-06 11:54:48.888595,30527.977542634235,3,1,2022,0.025689314770229066,30927.184406033808,32587.765218889403,33301.26611983766
2022-01-07 11:54:48.888595,30702.62428823316,4,1,2022,0.005720875067960929,30453.388383446894,32355.628602635534,33174.224433389805
2022-01-08 11:54:48.888595,30920.387170066366,5,1,2022,0.007092647188359891,30379.6105190353,32164.42951138568,33048.916610265165
2022-01-09 11:54:48.888595,31262.470675198896,6,1,2022,0.011063364221509442,30495.070085788862,31940.474983737324,32959.26966050538
2022-01-10 11:54:48.888595,31442.700774499208,0,1,2022,0.005765062562482992,30651.846108119826,31806.666382859505,32879.929533445335
2022-01-11 11:54:48.888595,30904.67060588806,1,1,2022,-0.01711144893276806,30789.17254917568,31651.399373468877,32756.95903124834
2022-01-12 11:54:48.888595,30491.676459176742,2,1,2022,-0.01336348644442864,30893.21535938524,31356.25100856658,32636.581172752423
2022-01-13 11:54:48.888595,31416.45497886862,3,1,2022,0.030328884045782267,31020.140707418723,31154.405568642156,32534.61912257866
2022-01-14 11:54:48.888595,30747.509632855785,4,1,2022,-0.021292833531433852,31026.552899507667,30958.585695134898,32420.003290354543
2022-01-15 11:54:48.888595,30620.00488788532,5,1,2022,-0.004146831613127344,30983.64114491038,30731.97292457115,32291.246912478036
2022-01-16 11:54:48.888595,30423.181965508847,6,1,2022,-0.006427919365040502,30863.7427578118,30664.39624087524,32172.06013352394
2022-01-17 11:54:48.888595,30101.132425715765,0,1,2022,-0.010585662609459923,30672.09013655702,30640.85482206136,32054.5351412314
2022-01-18 11:54:48.888595,31744.144983545953,1,1,2022,0.05458308128057476,30792.015047651006,30734.113246418925,32017.733197551257
2022-01-19 11:54:48.888595,31591.497241462977,2,1,2022,-0.004808689670554922,30949.132302263326,30843.987361283318,31936.641613097974
2022-01-20 11:54:48.888595,31852.651907021842,3,1,2022,0.008266612486353075,31011.446149142354,30983.272369237453,31898.885088874413
2022-01-21 11:54:48.888595,31137.293197827858,4,1,2022,-0.022458372109239844,31067.12951556694,31023.893412917027,31805.829315903215
2022-01-22 11:54:48.888595,30550.63263302378,5,1,2022,-0.018841090684305395,31057.219193443863,31013.760635903065,31684.694619269303
2022-01-23 11:54:48.888595,30465.164699891124,6,1,2022,-0.0027975830863897766,31063.216726927047,30983.412471224718,31573.9209913052
2022-01-24 11:54:48.888595,30482.796437212506,0,1,2022,0.000578750763210012,31117.740157140863,30931.434188692296,31435.954586214808
2022-01-25 11:54:48.888595,31180.34228736126,1,1,2022,0.022883263075470728,31037.196914828764,30913.943622883096,31360.305002871304
2022-01-26 11:54:48.888595,30882.26683033904,2,1,2022,-0.009559723696267675,30935.8782846682,30912.450037846495,31281.924705657686
2022-01-27 11:54:48.888595,30591.67425109265,3,1,2022,-0.00940969070835529,30755.738619535463,30919.116557307552,31137.68378293707
2022-01-28 11:54:48.888595,29875.36431934223,4,1,2022,-0.02341519218173671,30575.463065466083,30816.377180005795,30985.39137432398
2022-01-29 11:54:48.888595,31395.78283967462,5,1,2022,0.05089204951880788,30696.198809273345,30859.59539379372,30909.09054446431
2022-01-30 11:54:48.888595,31658.87679695075,6,1,2022,0.008379913908171721,30866.72910885329,30928.853521064746,30830.413222817948
2022-01-31 11:54:48.888595,31255.9775310216,0,1,2022,-0.012726265322462571,30977.18355082602,30984.37322543226,30824.38473315375
2022-02-01 11:54:48.888595,31238.469402590516,1,2,2022,-0.0005601529631797941,30985.4874244302,31060.195690557248,30850.5252563093
2022-02-02 11:54:48.888595,30954.634978111197,2,2,2022,-0.009086054147575573,30995.825731254794,31007.561690194932,30870.83746830693
2022-02-03 11:54:48.888595,31032.709343137158,3,2,2022,0.0025222188884206354,31058.830744404015,30970.30916363988,30907.148262461593
2022-02-04 11:54:48.888595,30808.817141909392,4,2,2022,-0.007214716535128396,31192.18114762789,30900.720179299045,30941.996274268247
2022-02-05 11:54:48.888595,31496.478549403833,5,2,2022,0.02232027942932646,31206.56624901778,30924.66586940411,30974.279641160567
2022-02-06 11:54:48.888595,30667.37005842355,6,2,2022,-0.02632384727326853,31064.922429228176,30932.448364430762,30973.104500166915
2022-02-07 11:54:48.888595,30883.646230039365,0,2,2022,0.007052322100127739,31011.732243373575,30960.347133107312,30971.87980216601
2022-02-08 11:54:48.888595,30735.57021475727,1,2,2022,-0.004794641609968564,30939.889502254537,30977.198718276963,30954.31645348463
2022-02-09 11:54:48.888595,30946.985125846837,2,2,2022,0.006878509479809836,30938.79666621677,30961.641574176003,30937.792598529548
2022-02-10 11:54:48.888595,31217.406910212838,3,2,2022,0.00873822710891936,30965.182032941866,30983.984246167587,30948.217142007037
2022-02-11 11:54:48.888595,31344.055355263517,4,2,2022,0.004056981587706732,31041.6446348496,31034.142986445644,30976.6297718766
2022-02-12 11:54:48.888595,30854.597935734968,5,2,2022,-0.015615637924987102,30949.947404325478,31099.425227538493,30957.901203772148
2022-02-13 11:54:48.888595,29841.880296621755,6,2,2022,-0.032822260112497226,30832.020295496648,30995.831724668304,30927.71355923101
2022-02-14 11:54:48.888595,30827.89267572174,0,2,2022,0.03304122827714728,30824.055502022704,30940.432783253033,30934.643152158893
2022-02-15 11:54:48.888595,31342.799894261356,1,2,2022,0.016702640818038406,30910.802599094717,30946.220940802355,30965.297083117308
2022-02-16 11:54:48.888595,30825.311871967697,2,2,2022,-0.016510586930314708,30893.420705683413,30918.677105427498,30989.436397992373
2022-02-17 11:54:48.888595,31503.301646972704,3,2,2022,0.021994579578660023,30934.262810934822,30955.2548833516,30981.40828677326
2022-02-18 11:54:48.888595,31856.003134952687,4,2,2022,0.01119569916614993,31007.39820803327,31010.1411361393,30990.22514988959
2022-02-19 11:54:48.888595,32383.92120104736,5,2,2022,0.016572011995925395,31225.872960220757,31115.148073415163,31007.934126357104
2022-02-20 11:54:48.888595,32658.84901393768,6,2,2022,0.008489639385653724,31628.297062694463,31192.639437717422,31058.652653560763
2022-02-21 11:54:48.888595,31684.388090837474,0,2,2022,-0.029837577028031248,31750.653550568135,31260.44063987835,31096.444502154554
2022-02-22 11:54:48.888595,31922.943552586225,1,2,2022,0.007529116897092125,31833.531216043117,31329.72712804814,31145.037130577726
2022-02-23 11:54:48.888595,31625.36684713218,2,2,2022,-0.009321718874822804,31947.824783923756,31389.0469035398,31183.12281090838
2022-02-24 11:54:48.888595,33883.60935927424,3,2,2022,0.07140604955059482,32287.86874282398,31584.82185243496,31273.23171330548
2022-02-25 11:54:48.888595,34201.89722317281,4,2,2022,0.009393564319659875,32622.996469712565,31783.787873298963,31383.886059733275
2022-02-26 11:54:48.888595,34669.13560323109,5,2,2022,0.013661183091963292,32949.45567002452,32005.459889830134,31519.801438137885
2022-02-27 11:54:48.888595,33764.20906464373,6,2,2022,-0.02610179119963474,33107.364248696824,32199.433965090717,31649.429596314603
2022-02-28 11:54:48.888595,33610.60627159263,0,2,2022,-0.004549278579486837,33382.538274518985,32450.682363422107,31723.257044045204
2022-03-01 11:54:48.888595,34594.55991897092,1,3,2022,0.02927509368404091,33764.19775543109,32701.793512972054,31821.113148112545
2022-03-02 11:54:48.888595,33615.000661048034,2,3,2022,-0.028315413181068227,34048.431157419065,32853.27356409116,31899.74725244676
2022-03-03 11:54:48.888595,34918.79767706733,3,3,2022,0.03878616660359291,34196.31520281808,33126.172617764474,32022.424861595984
2022-03-04 11:54:48.888595,35089.16483302794,4,3,2022,0.004878952521108815,34323.067718511666,33365.23016350149,32160.242523426543
2022-03-05 11:54:48.888595,34542.96259417592,5,3,2022,-0.015566122518194114,34305.043002932354,33544.36079411637,32277.250965127838
2022-03-06 11:54:48.888595,33990.32023698512,6,3,2022,-0.015998695991523926,34337.34459898113,33651.45406317889,32383.301068297027
2022-03-07 11:54:48.888595,34018.44656358076,0,3,2022,0.0008274804826648996,34395.60749783657,33742.09389982176,32467.36666876959
2022-03-08 11:54:48.888595,33714.18754996243,1,3,2022,-0.008943942018330153,34269.84001654964,33877.413863763424,32568.927251820885
2022-03-09 11:54:48.888595,34008.07121984247,2,3,2022,0.008716913894025291,34325.99295352028,34016.42237491384,32673.074751480992
2022-03-10 11:54:48.888595,34607.37058170386,3,3,2022,0.01762226848994941,34281.50336846836,34215.22262388529,32802.134763712544
2022-03-11 11:54:48.888595,33708.588952708524,4,3,2022,-0.025970815288420046,34084.27824270844,34203.5545967809,32894.18822460793
2022-03-12 11:54:48.888595,34320.470270425096,5,3,2022,0.018152089325809806,34052.49362502975,34211.45946659772,32997.62366994834
2022-03-13 11:54:48.888595,34467.69036062317,6,3,2022,0.004289570889852934,34120.689356978044,34198.02978375719,33101.74483679367
2022-03-14 11:54:48.888595,33148.20045459569,0,3,2022,-0.03828193569752225,33996.36848426589,34156.96254308733,33178.19825408902
2022-03-15 11:54:48.888595,33469.13639313729,1,3,2022,0.009681851024800014,33961.36117614801,34147.53121785697,33299.10679063954
2022-03-16 11:54:48.888595,33680.24112611088,2,3,2022,0.006307444879781077,33914.528305614935,34086.5766316663,33394.185072319175
2022-03-17 11:54:48.888595,33219.15752772146,3,3,2022,-0.013690032582099332,33716.212155046014,34060.18708944453,33456.73032676785
2022-03-18 11:54:48.888595,33451.983244293435,4,3,2022,0.007008778485055878,33679.554196701,33962.39946059293,33544.2860391787
2022-03-19 11:54:48.888595,34295.05929223956,5,3,2022,0.025202572947298885,33675.92405696021,33909.45909120704,33637.344627354265
2022-03-20 11:54:48.888595,33681.163542405026,6,3,2022,-0.017900413718586194,33563.563082929046,33852.005821088984,33698.183307602674
2022-03-21 11:54:48.888595,34582.281248575724,0,3,2022,0.026754352029322748,33768.43176778334,33891.46988852836,33771.46197585362
2022-03-22 11:54:48.888595,34787.52319848262,1,3,2022,0.005934887534793543,33956.77273997553,33942.74166418848,33842.41778200512
2022-03-23 11:54:48.888595,33754.22569524894,2,3,2022,-0.029703106407953372,33967.341964138104,33945.41087387425,33911.412368818834
2022-03-24 11:54:48.888595,35008.52073595171,3,3,2022,0.0371596448997884,34222.96527959957,34012.10750828153,34014.264941597685
2022-03-25 11:54:48.888595,34517.06330055441,4,3,2022,-0.01403822341149652,34375.11957335114,34006.087022871565,34110.65482337843
2022-03-26 11:54:48.888595,34360.17836781811,5,3,2022,-0.004545141380372875,34384.42229843379,34049.52631721221,34126.540456996554
2022-03-27 11:54:48.888595,35011.50782141206,6,3,2022,0.01895593924518124,34574.47148114908,34095.595487278006,34153.52747693787
2022-03-28 11:54:48.888595,34899.18244534648,0,3,2022,-0.00320824160554678,34619.74308068776,34124.36162625956,34161.19570500838
2022-03-29 11:54:48.888595,35132.59793637123,1,3,2022,0.0066882796291944935,34669.03947181471,34256.65479171126,34206.808667399295
2022-03-30 11:54:48.888595,35394.29300198331,2,3,2022,0.007448782070885729,34903.33480134819,34384.99856563433,34266.26489174565
2022-03-31 11:54:48.888595,35524.551622120634,3,3,2022,0.0036802153423443063,34977.05349937232,34507.952598701646,34297.26461518397
2022-04-01 11:54:48.888595,37837.133888450015,4,4,2022,0.06509814088376475,35451.34929764312,34815.81768941689,34438.0023894307
2022-04-02 11:54:48.888595,37519.54123981517,5,4,2022,-0.008393676158748198,35902.686850785554,35086.98822245166,34524.693841522305
2022-04-03 11:54:48.888595,38084.109978237335,6,4,2022,0.015047325200849171,36341.63001604631,35339.59160151819,34624.525346362614
2022-04-04 11:54:48.888595,37731.92135439822,0,4,2022,-0.009247652736019574,36746.3070030537,35609.642122317724,34730.82397170336
2022-04-05 11:54:48.888595,37626.83465723266,1,4,2022,-0.002785087358221916,37102.62653460533,35812.612349561525,34852.041119044945
2022-04-06 11:54:48.888595,36571.176059419755,2,4,2022,-0.028056003313315814,37270.75268566768,35931.52254029067,34937.13210223957
2022-04-07 11:54:48.888595,36945.449137592674,3,4,2022,0.010234100143917013,37473.73804502083,36144.270769780254,35044.84082182725
2022-04-08 11:54:48.888595,37941.20030626111,4,4,2022,0.02695193026237286,37488.6046761367,36339.78274113421,35175.945124707876
2022-04-09 11:54:48.888595,36945.365989026315,5,4,2022,-0.02624677946918985,37406.57964030973,36501.66958703234,35253.87830495195
2022-04-10 11:54:48.888595,38345.698229607166,6,4,2022,0.037902784370759335,37443.94939050542,36767.37091115161,35408.44861418191
2022-04-11 11:54:48.888595,38196.84222604737,0,4,2022,-0.003881947921993145,37510.36665788387,36979.726538127295,35537.66101270265
2022-04-12 11:54:48.888595,37725.82402868759,1,4,2022,-0.012331338663345792,37524.50799666314,37168.16931035004,35646.265468304795
2022-04-13 11:54:48.888595,38781.9162613438,2,4,2022,0.027993881110539576,37840.32802550943,37411.45719868154,35834.0559951964
2022-04-14 11:54:48.888595,38986.65398824104,3,4,2022,0.005279206048446783,38131.9287184592,37650.94793109872,36017.97324836653
2022-04-15 11:54:48.888595,37812.00438713114,4,4,2022,-0.030129531030392953,38113.472158583485,37803.444782099425,36155.69869040054
2022-04-16 11:54:48.888595,38698.79058393553,5,4,2022,0.02345250433500401,38363.96138642767,37860.88856179846,36338.353125607675
2022-04-17 11:54:48.888595,37518.784388640786,6,4,2022,-0.030492069067000305,38245.830837718175,37860.8381050535,36473.91316375258
2022-04-18 11:54:48.888595,38034.40824401347,0,4,2022,0.013743085331112015,38222.62598314191,37857.52465610524,36598.55812881172
2022-04-19 11:54:48.888595,37463.80455099965,1,4,2022,-0.015002302371922238,38185.19462918649,37839.65020254534,36724.646162431534
2022-04-20 11:54:48.888595,38239.50796790869,2,4,2022,0.02070540956012823,38107.70773012433,37880.49508992374,36846.55371974264
2022-04-21 11:54:48.888595,37688.62062337772,3,4,2022,-0.014406235168959003,37922.274392286716,37954.9913941876,36943.25696723913
2022-04-22 11:54:48.888595,37342.666660509254,4,4,2022,-0.009179268361280246,37855.226145626446,37981.47256238204,37062.87166608115
2022-04-23 11:54:48.888595,38762.29674230854,5,4,2022,0.0380163016933277,37864.29845396545,38036.21232478521,37187.9975329597
2022-04-24 11:54:48.888595,37481.35813220328,6,4,2022,-0.033045993600970935,37858.95184590295,38071.94513433033,37286.807360681334
2022-04-25 11:54:48.888595,38040.483622231994,0,4,2022,0.014917428767030838,37859.81975707702,38051.59749383866,37409.48420249513
2022-04-26 11:54:48.888595,39233.961027974416,1,4,2022,0.031373875726567135,38112.699253787694,38120.738747300464,37550.23264271388
2022-04-27 11:54:48.888595,38961.698354437,2,4,2022,-0.006939464341703561,38215.869309006026,38203.1303690171,37685.64983968357
2022-04-28 11:54:48.888595,38968.722774088914,3,4,2022,0.00018029038642031203,38398.741044821916,38215.58413653343,37813.52066760748
2022-04-29 11:54:48.888595,39018.00642764273,4,4,2022,0.0012646976868995186,38638.075297269555,38217.674299160215,37934.311115129465
2022-04-30 11:54:48.888595,38764.98498480178,5,4,2022,-0.006484735280111509,38638.45933191145,38281.206339004915,38042.32556055217
2022-05-01 11:54:48.888595,38768.10221314891,6,5,2022,8.041350585719087e-05,38822.27991490368,38285.82711428581,38073.35783804213
2022-05-02 11:54:48.888595,38857.73237921861,0,5,2022,0.002311956504265078,38939.02973733034,38375.09031365766,38117.96420935558
2022-05-03 11:54:48.888595,39628.82992751777,1,5,2022,0.01984412113331535,38995.43958012224,38481.38509255795,38169.4548743316
2022-05-04 11:54:48.888595,39741.41190904429,2,5,2022,0.002840911067332419,39106.82723078043,38633.22558309426,38236.4378928198
2022-05-05 11:54:48.888595,39539.24133477999,3,5,2022,-0.005087151275022794,39188.32988230773,38719.87447421902,38300.18478207138
2022-05-06 11:54:48.888595,39659.781993963195,4,5,2022,0.003048633588150773,39280.01210606779,38851.285232258044,38403.13831322282
2022-05-07 11:54:48.888595,38261.06617599269,5,5,2022,-0.035267864512805724,39208.02370480935,38912.51186662361,38446.99221450282
2022-05-08 11:54:48.888595,39009.887032474035,6,5,2022,0.019571353632356514,39242.56439328437,38929.01788596797,38482.615105376586
2022-05-09 11:54:48.888595,38426.98673849528,0,5,2022,-0.014942373288431066,39181.02930175247,38992.05979305411,38532.002463692224
2022-05-10 11:54:48.888595,39177.32512295864,1,5,2022,0.01952633938147663,39116.52861538687,39067.84922643589,38559.72336013727
2022-05-11 11:54:48.888595,39062.08860029448,2,5,2022,-0.0029414086414140117,39019.48242842261,39056.39106459055,38588.56490594551
2022-05-12 11:54:48.888595,39252.350110448606,3,5,2022,0.004870745957825884,38978.49796780385,39075.76784832466,38639.449108670866
2022-05-13 11:54:48.888595,38526.107254432216,4,5,2022,-0.01850189489222631,38816.544433585135,39046.26014701421,38630.92214177382
2022-05-14 11:54:48.888595,38437.40758535372,5,5,2022,-0.0023023262768986363,38841.73606349386,39007.55355752828,38612.613928344246
2022-05-15 11:54:48.888595,38694.22972511907,6,5,2022,0.006681567668034072,38796.64216244314,39002.8365402161,38642.02143961051
2022-05-16 11:54:48.888595,39432.72118838345,0,5,2022,0.019085312422823186,38940.31851242717,39047.144471898406,38666.4857930921
2022-05-17 11:54:48.888595,39787.749603070144,1,5,2022,0.009003396265517605,39027.52200958596,39109.14562015517,38742.11796690642
2022-05-18 11:54:48.888595,38786.00590014659,2,5,2022,-0.02517718928356416,38988.08162385054,39052.957351663754,38767.171222110854
2022-05-19 11:54:48.888595,39167.42072318214,3,5,2022,0.009833825736465185,38975.94885424105,39014.69127260628,38823.95842785027
2022-05-20 11:54:48.888595,40229.442693002966,4,5,2022,0.027114932518194745,39219.282488322584,39060.70469648782,38890.289585353414
2022-05-21 11:54:48.888595,39075.39656729756,5,5,2022,-0.028686604845911123,39310.42377145742,39021.74566804345,38936.51545015074
2022-05-22 11:54:48.888595,40791.89519139497,6,5,2022,0.0439278619000365,39610.090266639694,39190.467602403594,39051.4897345136
2022-05-23 11:54:48.888595,40157.41498895698,0,5,2022,-0.015554075128429767,39713.61795243591,39266.969466169125,39097.993676068545
2022-05-24 11:54:48.888595,39545.8331975131,1,5,2022,-0.015229610561637519,39679.05846592776,39341.55923010364,39166.809511578875
2022-05-25 11:54:48.888595,39818.20763047926,2,5,2022,0.006887563390200135,39826.51585597528,39384.28473060501,39226.06697852045
2022-05-26 11:54:48.888595,40871.251809172456,3,5,2022,0.026446297846092204,40069.92029683104,39504.89561119688,39280.64333789372
2022-05-27 11:54:48.888595,40376.586823623344,4,5,2022,-0.012103005502711262,40090.94088691967,39579.844725408526,39327.806286866595
2022-05-28 11:54:48.888595,40189.854212408994,5,5,2022,-0.004624774551401534,40250.14912193559,39690.76118927365,39368.510668143936
2022-05-29 11:54:48.888595,40902.568870376344,6,5,2022,0.017733696026876578,40265.95964750436,39855.10527494182,39431.32941623506
2022-05-30 11:54:48.888595,41145.140554004014,0,5,2022,0.005930475525789181,40407.063299653935,40018.49933020082,39510.66793520846
2022-05-31 11:54:48.888595,38628.29751368548,1,5,2022,-0.06116987343900593,40275.98677339284,39964.871085220955,39506.00777855968
2022-06-01 11:54:48.888595,36025.2191397685,2,6,2022,-0.06738786178693856,39734.131274719875,39714.03572100085,39411.590670578014
2022-06-02 11:54:48.888595,35641.2564460129,3,6,2022,-0.01065816400077757,38986.9890799828,39504.38575739194,39278.67155452784
2022-06-03 11:54:48.888595,34581.53375988149,4,6,2022,-0.02973303389953752,38159.1243565911,39198.659959838566,39106.67561622242
2022-06-04 11:54:48.888595,36118.284543207425,5,6,2022,0.04443847962315495,37577.471546705165,38924.58274985219,38992.643723170004
2022-06-05 11:54:48.888595,35262.35294268303,6,6,2022,-0.023698013661209938,36771.72641417755,38670.37984154455,38846.062754793995
2022-06-06 11:54:48.888595,35514.95832250073,0,6,2022,0.007163599667563192,35967.41466681993,38318.58405028493,38754.52582634427
2022-06-07 11:54:48.888595,36598.96229561532,1,6,2022,0.030522462205110124,35677.509635667055,38081.353870728824,38674.16166844897
2022-06-08 11:54:48.888595,35008.33330871223,2,6,2022,-0.043461040617909785,35532.24023123044,37778.8538781421,38560.20655412287
2022-06-09 11:54:48.888595,35520.83876381711,3,6,2022,0.014639527411530295,35515.03770520248,37492.36262036463,38438.323675484826
2022-06-10 11:54:48.888595,34563.56150160149,4,6,2022,-0.026949736986243034,35512.470239733906,37071.849933193225,38288.37277219505
2022-06-11 11:54:48.888595,35366.836999180865,5,6,2022,0.023240530277591764,35405.120590587256,36737.866611563724,38158.85566848613
2022-06-12 11:54:48.888595,34817.321604509656,6,6,2022,-0.015537589484859393,35341.544685133915,36379.69777103711,38035.22948015538
2022-06-13 11:54:48.888595,35300.54420059137,0,6,2022,0.013878798650012403,35310.91409628972,36006.22945971811,37930.66736732996
2022-06-14 11:54:48.888595,35745.23637417343,1,6,2022,0.012597317793605178,35188.95325036945,35646.235847729404,37832.36758896511
2022-06-15 11:54:48.888595,36895.8259936568,2,6,2022,0.03218861409781271,35458.59506250439,35530.73774639415,37747.804415807565
2022-06-16 11:54:48.888595,36715.6659381546,3,6,2022,-0.0048829386698965305,35629.28465883831,35576.76753295323,37645.401626977036
2022-06-17 11:54:48.888595,36364.53377457126,4,6,2022,-0.009563551541589832,35886.56641211971,35624.986021523786,37564.68588945786
2022-06-18 11:54:48.888595,36430.26426113882,5,6,2022,0.0018075437725955101,36038.48459239942,35748.234721607616,37473.44734072309
2022-06-19 11:54:48.888595,35475.60565562309,6,6,2022,-0.026205096912626402,36132.52517112991,35705.38946243532,37314.986106143755
2022-06-20 11:54:48.888595,35836.22970023974,0,6,2022,0.010165409101605682,36209.05167107967,35743.6479129391,37207.01387724183
2022-06-21 11:54:48.888595,37266.5532410968,1,6,2022,0.03991277968752094,36426.38265206873,35860.42090751217,37089.50247889855
2022-06-22 11:54:48.888595,35847.96385026158,2,6,2022,-0.038066020800411215,36276.68806015513,35810.35434448859,36945.854107608706
2022-06-23 11:54:48.888595,36848.888188893165,3,6,2022,0.02792137212625212,36295.719810260634,35933.058003167316,36855.95594065471
2022-06-24 11:54:48.888595,35530.79718487146,4,6,2022,-0.035770170249505684,36176.61458316066,35933.72189790428,36713.042259134454
2022-06-25 11:54:48.888595,37149.94108048496,5,6,2022,0.04557015389181629,36279.42555735297,36106.14720316317,36588.9985681782
2022-06-26 11:54:48.888595,35575.3264485704,6,6,2022,-0.04238538705897743,36293.67138491687,36120.04649978914,36428.95655567643
2022-06-27 11:54:48.888595,37102.800161624735,0,6,2022,0.042936323163823564,36474.610022257584,36272.411736930146,36326.054753983626
2022-06-28 11:54:48.888595,36481.66161684193,1,6,2022,-0.016741015289332473,36362.482647364035,36351.15289801351,36178.69117886582
2022-06-29 11:54:48.888595,37278.70464387485,2,6,2022,0.02184777205062849,36566.874189308786,36453.38411599361,36049.80998186151
2022-06-30 11:54:48.888595,36152.05815237824,3,6,2022,-0.03022225429395997,36467.32704123522,36403.7995932417,35967.26866981793
2022-07-01 11:54:48.888595,36901.107792534174,4,7,2022,0.020719418988505378,36663.08569947276,36416.16238353368,35996.46495824345
2022-07-02 11:54:48.888595,37426.12382881662,5,7,2022,0.014227649728951075,36702.540377805846,36486.9350538167,36055.960537670246
2022-07-03 11:54:48.888595,36800.5150680314,6,7,2022,-0.016715830996730907,36877.56732344314,36511.618440942875,36129.926581275235
2022-07-04 11:54:48.888595,37011.26543918326,0,7,2022,0.00572683210444902,36864.490934522924,36613.99575984689,36159.69261114111
2022-07-05 11:54:48.888595,37076.501826388354,1,7,2022,0.0017626089362519082,36949.46810731527,36696.680568256794,36220.16424059795
2022-07-06 11:54:48.888595,36738.30761228396,2,7,2022,-0.009121524346822008,36872.26853137372,36661.464193002605,36260.94255025739
2022-07-07 11:54:48.888595,37585.81002718999,3,7,2022,0.023068629721600287,37077.09022777539,36777.32060479783,36293.83747464321
2022-07-08 11:54:48.888595,37635.37735273021,4,7,2022,0.001318777631887258,37181.98587923197,36829.7532157203,36381.40560944381
2022-07-09 11:54:48.888595,37947.9476893818,5,7,2022,0.008305226588326331,37256.532145027,36990.89658268766,36462.30924029597
2022-07-10 11:54:48.888595,36862.298380032786,6,7,2022,-0.02860890708070596,37265.35833245576,36971.72040265751,36538.933802910346
2022-07-11 11:54:48.888595,37058.90979833366,0,7,2022,0.0053336722597681074,37272.16466947725,37070.625959308396,36595.336229548775
2022-07-12 11:54:48.888595,38419.476396653416,1,7,2022,0.036713616394104864,37464.01817951512,37158.40437497698,36715.408055953565
2022-07-13 11:54:48.888595,38351.61009193232,2,7,2022,-0.0017664557429264427,37694.48996232202,37283.067606649674,36817.11025233159
2022-07-14 11:54:48.888595,37586.1360864604,3,7,2022,-0.019959370770536333,37694.53654221781,37303.56303615538,36878.473576074495
2022-07-15 11:54:48.888595,37933.67804087735,4,7,2022,0.009246546482391427,37737.15092623881,37422.337695388655,36913.06864431517
2022-07-16 11:54:48.888595,36898.313956848586,5,7,2022,-0.027294059988410613,37587.203250162645,37422.15143967628,36919.15691160497
2022-07-17 11:54:48.888595,36546.494865227396,6,7,2022,-0.009534828394398454,37542.088462333304,37363.50950877032,36925.222281293514
2022-07-18 11:54:48.888595,36800.80897252988,0,7,2022,0.006958645644139505,37505.21691578991,37363.529102403554,36937.57377167322
2022-07-19 11:54:48.888595,36938.60003354334,1,7,2022,0.00374424000071083,37293.66314963133,37358.684742027566,36986.340250937224
2022-07-20 11:54:48.888595,37986.76974595017,2,7,2022,0.02837599994193085,37241.5431002053,37419.36926999836,37058.02491912758
2022-07-21 11:54:48.888595,37882.8855254681,3,7,2022,-0.002734747418031036,37283.9358772064,37495.67446421063,37078.569328606616
2022-07-22 11:54:48.888595,39221.79872375921,4,7,2022,0.03534348505187079,37467.9531176181,37604.74037731524,37191.03049105653
2022-07-23 11:54:48.888595,39207.44080207535,5,7,2022,-0.0003660699445475757,37797.82838122192,37709.544607271586,37269.64891149594
2022-07-24 11:54:48.888595,38075.60717462436,6,7,2022,-0.028867827236280008,38016.27299685006,37718.055239621084,37354.475911154375
2022-07-25 11:54:48.888595,37733.39262510875,0,7,2022,-0.008987763424129547,38149.49923293276,37776.12818929282,37373.924295975165
2022-07-26 11:54:48.888595,37263.756526361656,1,7,2022,-0.012446166805435421,38195.95016047823,37789.784637828016,37430.20529856821
2022-07-27 11:54:48.888595,37992.451966934845,2,7,2022,0.019555071965374315,38196.76190633319,37761.31634251344,37459.86035874521
2022-07-28 11:54:48.888595,37928.26369503915,3,7,2022,-0.0016895006395363232,38203.24450198619,37733.09324938724,37508.08042801845
2022-07-29 11:54:48.888595,37157.41143943079,4,7,2022,-0.020323953181890175,37908.33203279641,37704.51160625193,37504.03732120365
2022-07-30 11:54:48.888595,37849.18161583495,5,7,2022,0.018617286554844847,37714.295006190645,37698.8785112491,37560.60810331887
2022-07-31 11:54:48.888595,38246.0424529543,6,7,2022,0.010485321483234333,37738.64290309492,37788.727077656156,37605.439258666214
2022-08-01 11:54:48.888595,40274.04583826341,0,8,2022,0.053025182613435584,38101.59336211701,38037.23047585855,37700.369992314445
2022-08-02 11:54:48.888595,40230.11491933962,1,8,2022,-0.0010907997448335038,38525.35884682815,38265.850872312534,37814.68998735805
2022-08-03 11:54:48.888595,40829.17980024316,2,8,2022,0.01489095624272152,38930.60568015791,38525.22285675919,37941.95379939337
2022-08-04 11:54:48.888595,40188.10469264232,3,8,2022,-0.01570139568654816,39253.44010838694,38671.97851987199,38045.67389493517
2022-08-05 11:54:48.888595,40245.11796562729,4,8,2022,0.001418660407625616,39694.54104070072,38829.46068254928,38162.56757337996
2022-08-06 11:54:48.888595,40330.40174966202,5,8,2022,0.0021191088098579947,40049.001059818875,38903.3675509428,38254.05396412902
2022-08-07 11:54:48.888595,39657.13290140876,6,8,2022,-0.016693829444902608,40250.58540959808,38933.34702423169,38321.44581575164
2022-08-08 11:54:48.888595,40288.80051103971,0,8,2022,0.01592822182080922,40252.6932199947,39080.89324665938,38399.474243140234
2022-08-09 11:54:48.888595,40331.5822287824,1,8,2022,0.0010618761839524815,40267.188549915096,39254.1058869043,38515.11703809855
2022-08-10 11:54:48.888595,41174.89652572042,2,8,2022,0.020909526736498707,40316.5766535547,39514.84855352821,38652.31659567811
2022-08-11 11:54:48.888595,41297.77513839843,3,8,2022,0.002984308961195614,40475.10100294843,39735.203431625785,38748.25988706962
2022-08-12 11:54:48.888595,40062.53482867985,4,8,2022,-0.029910577641991676,40449.01769767023,39877.48817386849,38805.29071162786
2022-08-13 11:54:48.888595,41578.92195074832,5,8,2022,0.037850503682630876,40627.37772639684,40172.25554128966,38938.38357377079
2022-08-14 11:54:48.888595,40622.044516639646,6,8,2022,-0.023013521977364615,40765.22224285839,40357.113068009974,39027.99578962954
2022-08-15 11:54:48.888595,41598.19460054289,0,8,2022,0.024030057952976636,40952.27854135885,40580.58987784921,39184.65847775269
2022-08-16 11:54:48.888595,41546.940113617085,1,8,2022,-0.0012321324859886351,41125.90109633524,40665.44949620613,39351.33998603234
2022-08-17 11:54:48.888595,41836.319455941484,2,8,2022,0.006965118045589858,41220.39008636681,40772.52979864625,39519.1903354794
2022-08-18 11:54:48.888595,41203.30645583029,3,8,2022,-0.015130704812067242,41206.894560285655,40797.4715756854,39661.3472162223
2022-08-19 11:54:48.888595,41141.66590667353,4,8,2022,-0.001496009773459206,41361.05614285618,40861.042323287475,39766.51042157973
2022-08-20 11:54:48.888595,40744.10261748506,5,8,2022,-0.009663276399412335,41241.79623810428,40894.30796674466,39861.88432464697
2022-08-21 11:54:48.888595,40497.92657481019,6,8,2022,-0.006042004286756053,41224.065103557215,40905.4762884212,39904.421919682
2022-08-22 11:54:48.888595,41593.163927457055,0,8,2022,0.0270442821467336,41223.34643597353,41034.5450234911,39983.94602386139
2022-08-23 11:54:48.888595,41733.51806845572,1,8,2022,0.0033744521393817006,41250.000429521904,41130.85952731883,40105.87638698911
2022-08-24 11:54:48.888595,41879.70510196615,2,8,2022,0.0035028686838871614,41256.198378954,41234.067718864404,40244.08680288435
2022-08-25 11:54:48.888595,42015.82744168855,3,8,2022,0.0032503175318683297,41372.272805505185,41290.12977992895,40402.48916672858
2022-08-26 11:54:48.888595,41341.08806999337,4,8,2022,-0.016059171335649935,41400.76168597944,41293.01730870195,40514.11037016386
2022-08-27 11:54:48.888595,42009.31924040738,5,8,2022,0.01616385058087122,41581.50691782549,41422.80293615045,40650.145555009476
2022-08-28 11:54:48.888595,42173.53607316388,6,8,2022,0.0039090572217259645,41820.87970330459,41462.44387764482,40817.34970946724
2022-08-29 11:54:48.888595,41454.90339447755,0,8,2022,-0.01703989623823865,41801.12819859322,41517.96780283401,40937.54043542199
2022-08-30 11:54:48.888595,41068.82092780152,1,8,2022,-0.00931331242053901,41706.17146421406,41482.67622465126,41031.63305125023
2022-08-31 11:54:48.888595,41095.42059455024,2,8,2022,0.0006476851817946994,41594.1308202975,41452.57492338013,41059.01220979312
2022-09-01 11:54:48.888595,40504.03816072767,3,9,2022,-0.014390470404407885,41378.16092301737,41363.75617036588,41068.14298450607
2022-09-02 11:54:48.888595,41692.02934783208,4,9,2022,0.02933019128587211,41428.295391280044,41396.33769649933,41096.90463609237
2022-09-03 11:54:48.888595,41736.33269350387,5,9,2022,0.0010626334665115866,41389.29731315097,41435.98214895468,41148.51223612108
2022-09-04 11:54:48.888595,40522.80819080336,6,9,2022,-0.029075973483635664,41153.47904424233,41421.2291871759,41157.76857696028
2022-09-05 11:54:48.888595,42325.78081911093,0,9,2022,0.04449278588537586,41277.89010490424,41543.08613679595,41224.28121260858
2022-09-06 11:54:48.888595,42427.09521959821,1,9,2022,0.0023936806014346335,41471.92928944663,41598.68155627202,41316.61328988156
2022-09-07 11:54:48.888595,41923.67551172837,2,9,2022,-0.01186552379474004,41590.251420472065,41611.35871915687,41371.10912323785
2022-09-08 11:54:48.888595,41402.99253200708,3,9,2022,-0.012419783651259841,41718.67347351199,41579.57788115961,41406.82280001201
2022-09-09 11:54:48.888595,42243.493541358956,4,9,2022,0.020300489359606377,41797.45407258726,41594.75562113763,41442.44270053329
2022-09-10 11:54:48.888595,42098.5768613972,5,9,2022,-0.003430508885820971,41849.20323942916,41645.25487389789,41469.136091299915
2022-09-11 11:54:48.888595,42579.97508267703,6,9,2022,0.011435023631909402,42143.084223982536,41683.29859671587,41553.05076643316
2022-09-12 11:54:48.888595,42255.884080199736,0,9,2022,-0.007611347865939644,42133.09897556666,41688.78846385158,41575.6161707482
2022-09-13 11:54:48.888595,42660.54961772695,1,9,2022,0.00957654883658754,42166.44960387076,41769.16487873488,41643.56634078445
2022-09-14 11:54:48.888595,42067.144839696084,2,9,2022,-0.013909918726979775,42186.945222151866,41835.71980619452,41659.19801542289
2022-09-15 11:54:48.888595,42002.74097155281,3,9,2022,-0.0015309778780731031,42272.62357065839,41896.20783132802,41674.39137735407
2022-09-16 11:54:48.888595,42416.87190612746,4,9,2022,0.009859616896314538,42297.39190848247,42023.73008102134,41693.74312569361
2022-09-17 11:54:48.888595,42072.21117177593,5,9,2022,-0.008125557563846142,42293.625381393715,42049.075535950935,41722.706616225136
2022-09-18 11:54:48.888595,41769.50201978317,6,9,2022,-0.00719499031693005,42177.843515266024,42051.286824369556,41743.634486662115
2022-09-19 11:54:48.888595,40630.391429524985,0,9,2022,-0.027271347159433912,41945.63027945534,42058.459040284324,41739.84411373012
2022-09-20 11:54:48.888595,42119.69154733625,1,9,2022,0.03665483066769171,41868.3648408281,42044.719755499355,41793.90294614765
2022-09-21 11:54:48.888595,42066.590250823436,2,9,2022,-0.0012607237746065092,41868.28561384629,42020.686090914365,41809.6838235932
2022-09-22 11:54:48.888595,42240.149130303966,3,9,2022,0.004125812870633849,41902.20106509646,42041.78433215274,41826.5715256548
2022-09-23 11:54:48.888595,41433.49097184775,4,9,2022,-0.01909695337409456,41761.71807448507,42043.817561475444,41811.69772131753
2022-09-24 11:54:48.888595,41730.714296628095,5,9,2022,0.0071735042789973225,41712.932806606805,42009.632278493395,41802.19394981551
2022-09-25 11:54:48.888595,41790.67569130067,6,9,2022,0.0014368648052931476,41715.957616823594,41989.10553382029,41817.18020385909
2022-09-26 11:54:48.888595,41955.59515341594,0,9,2022,0.003946321981809886,41905.272434522296,41947.480205202875,41815.38940095937
2022-09-27 11:54:48.888595,42438.139451023315,1,9,2022,0.011501309797725234,41950.76499219188,41959.63056325779,41824.209513554684
2022-09-28 11:54:48.888595,41821.35841265551,2,9,2022,-0.01453364936225865,41915.7318724536,41903.684482919685,41836.42468082729
2022-09-29 11:54:48.888595,41549.37082280651,3,9,2022,-0.00650355703813521,41817.04925709683,41869.16621512706,41852.44301066079
2022-09-30 11:54:48.888595,42244.01309475377,4,9,2022,0.016718478720403995,41932.83813179768,41885.251023340454,41890.72942733424
2022-10-01 11:54:48.888595,43033.76701788314,5,10,2022,0.018695049671487052,42118.98852054841,41926.37736412416,41975.053722572746
2022-10-02 11:54:48.888595,43713.49358692517,6,10,2022,0.015795190989428498,42393.67679135191,42035.79619180077,42042.43586387586
2022-10-03 11:54:48.888595,44370.8782167809,0,10,2022,0.015038482992637103,42738.717228975474,42209.221271600625,42130.254047985094
2022-10-04 11:54:48.888595,43749.07590283205,1,10,2022,-0.014013748182105656,42925.99386494815,42417.1335698211,42237.79630505271
2022-10-05 11:54:48.888595,44250.24222254702,2,10,2022,0.011455472129927369,43272.977266361224,42559.170281501814,42301.945018500584
2022-10-06 11:54:48.888595,44424.50064416806,3,10,2022,0.003938021869906327,43683.7100979843,42716.36430772479,42368.52519931958
2022-10-07 11:54:48.888595,44712.26274835797,4,10,2022,0.0064775540527699516,44036.31719135633,42881.171882261726,42461.47810720723
2022-10-08 11:54:48.888595,43303.04895755598,5,10,2022,-0.031517389283854724,44074.78603988102,43005.80908130894,42524.81332139219
2022-10-09 11:54:48.888595,44990.8255634256,6,10,2022,0.0389759300210919,44257.26203652394,43223.149832428775,42616.391055461085
2022-10-10 11:54:48.888595,44347.887768614666,0,10,2022,-0.014290420030291573,44253.97768678591,43393.630637583046,42691.368085701666
2022-10-11 11:54:48.888595,43899.54615488242,1,10,2022,-0.010109649777943708,44275.473437078814,43523.227371014145,42735.353788108514
2022-10-12 11:54:48.888595,44213.12281678167,2,10,2022,0.007143050199036827,44270.170664826626,43641.55959539803,42800.59507932791
2022-10-13 11:54:48.888595,45413.93957716489,3,10,2022,0.027159736383231214,44411.51908382617,43881.065006365316,42892.37474464251
2022-10-14 11:54:48.888595,44226.470068787356,4,10,2022,-0.0261476876798995,44342.1201296018,44059.53828943071,42964.35225227888
2022-10-15 11:54:48.888595,43498.215662916016,5,10,2022,-0.016466482736213206,44370.00108751037,44143.15179397487,43014.20140865766
2022-10-16 11:54:48.888595,44047.612966210734,6,10,2022,0.012630341151283142,44235.256430765396,44210.74152386337,43068.55944399376
2022-10-17 11:54:48.888595,43049.33136490854,0,10,2022,-0.022663693536991047,44049.74837309309,44166.46404239559,43101.13011709818
2022-10-18 11:54:48.888595,42598.04394780557,1,10,2022,-0.01048302964981318,43863.81948636782,44048.27509113056,43128.7481813656
2022-10-19 11:54:48.888595,42781.85789185846,2,10,2022,0.004315079450082582,43659.353068521654,43983.793890399,43200.463730110045
2022-10-20 11:54:48.888595,42644.645831969865,3,10,2022,-0.0032072487416379136,43263.73967635094,43876.754131027184,43217.9622062645
2022-10-21 11:54:48.888595,42747.08575214903,4,10,2022,0.0024021754239160753,43052.39905968832,43764.92647155924,43240.64538964201
2022-10-22 11:54:48.888595,42287.70768154879,5,10,2022,-0.010746418440399697,42879.469348064435,43603.2894671053,43242.23067468351
2022-10-23 11:54:48.888595,43624.66830559075,6,10,2022,0.03161582164987653,42819.04868226157,43624.73075697429,43315.26991914162
2022-10-24 11:54:48.888595,42880.00204028639,0,10,2022,-0.01706984360518171,42794.85877874412,43484.009188765005,43353.579510596894
2022-10-25 11:54:48.888595,43087.250335083256,1,10,2022,0.004833215600180019,42864.74540549808,43399.96669319625,43396.798665389644
2022-10-26 11:54:48.888595,44551.89341622711,2,10,2022,0.033992493597376106,43117.60762326502,43443.45651061923,43483.34194081668
2022-10-27 11:54:48.888595,44047.03996763093,3,10,2022,-0.01133180679616852,43317.94964264518,43432.38432067585,43536.971958036935
2022-10-28 11:54:48.888595,43912.76931751951,4,10,2022,-0.0030483467268196396,43484.47586626954,43332.30630336616,43606.68565486574
2022-10-29 11:54:48.888595,42814.13070679117,5,10,2022,-0.025018659214690597,43559.679155589874,43238.15034589974,43648.84431766522
2022-10-30 11:54:48.888595,42779.73540869368,6,10,2022,-0.000803363224469944,43438.97445603315,43190.25166228492,43666.70172812989
2022-10-31 11:54:48.888595,42376.83427480174,0,10,2022,-0.009418037069253704,43367.0933466782,43078.86641619099,43644.80397002718
2022-11-01 11:54:48.888595,43096.83609351407,1,11,2022,0.016990457900732503,43368.46274073974,43082.033398098014,43624.248720246804
2022-11-02 11:54:48.888595,43336.859391106584,2,11,2022,0.005569394863968569,43194.88645143681,43131.28776098476,43589.78142605766
2022-11-03 11:54:48.888595,43129.88448412138,3,11,2022,-0.004775955385167507,43063.864239506875,43154.48953380228,43569.14171210064
2022-11-04 11:54:48.888595,42431.584576681744,4,11,2022,-0.01619062781623537,42852.2664193872,43140.285450116404,43508.519790571794
2022-11-05 11:54:48.888595,42924.74656919198,5,11,2022,0.01162252122870866,42868.06868544446,43152.129504585944,43458.527988072594
2022-11-06 11:54:48.888595,43345.72601393449,6,11,2022,0.00980738334852882,42948.924486193144,43222.66406007832,43412.97676359182
2022-11-07 11:54:48.888595,43047.569241592086,0,11,2022,-0.006878573731734283,43044.74376716319,43184.190789145076,43404.460773059676
2022-11-08 11:54:48.888595,43578.57999430989,1,11,2022,0.012335441049822427,43113.564324419734,43230.76265274664,43357.38592075582
2022-11-09 11:54:48.888595,44334.750260695015,2,11,2022,0.017351879443613383,43256.12016293237,43313.92931445409,43356.94800382517
2022-11-10 11:54:48.888595,44244.57150055912,3,11,2022,-0.0020340423619312764,43415.36116528062,43293.441186742886,43368.44884868106
2022-11-11 11:54:48.888595,42106.40571125291,4,11,2022,-0.04832605937384182,43368.90704164793,43164.06556965103,43298.22494516344
2022-11-12 11:54:48.888595,44004.415946389054,5,11,2022,0.04507651990416517,43523.14552410465,43170.175344908996,43251.24082413758
2022-11-13 11:54:48.888595,44412.775048957286,6,11,2022,0.009279957335776023,43675.581100536474,43276.75163438673,43257.45099014324
2022-11-14 11:54:48.888595,43679.80571677612,0,11,2022,-0.01650356978083889,43765.90059699135,43336.756321592235,43263.503991938574
2022-11-15 11:54:48.888595,45207.90295465277,1,11,2022,0.034984066728340535,43998.66101989746,43525.4942335823,43302.18032488665
2022-11-16 11:54:48.888595,45054.85547178827,2,11,2022,-0.003385414338241133,44101.533192910785,43656.02885880058,43369.0311284493
2022-11-17 11:54:48.888595,43553.09188471795,3,11,2022,-0.033331892231030946,44002.75039064777,43670.44435837467,43400.866059679705
2022-11-18 11:54:48.888595,43604.420645065526,4,11,2022,0.0011785330989459997,44216.75252404956,43702.08010243762,43428.28481811995
2022-11-19 11:54:48.888595,44833.21308800936,5,11,2022,0.02818045566861338,44335.152115709614,43862.18866985945,43501.23705998793
2022-11-20 11:54:48.888595,44846.44076425103,6,11,2022,0.0002950418970797397,44397.104360751575,43990.301616196724,43571.215560391334
2022-11-21 11:54:48.888595,43976.951554759806,0,11,2022,-0.019388143064952623,44439.55376617781,44032.383318918415,43627.523689498375
2022-11-22 11:54:48.888595,44718.13762320073,1,11,2022,0.016853966503749263,44369.5872902561,44143.754544358984,43663.97266675204
2022-11-23 11:54:48.888595,44815.29846779733,2,11,2022,0.0021727390665344792,44335.36486111453,44226.20244259148,43728.48254766906
2022-11-24 11:54:48.888595,44616.361150148994,3,11,2022,-0.004439049263306516,44487.26047046182,44244.97650188841,43779.45290817125
2022-11-25 11:54:48.888595,44730.76553502089,4,11,2022,0.002564180088261425,44648.166883312595,44277.3894375192,43785.41531213105
2022-11-26 11:54:48.888595,43602.66110362883,5,11,2022,-0.02521987759205313,44472.3737426868,44377.139797010925,43770.60268333098
2022-11-27 11:54:48.888595,43672.305780437106,6,11,2022,0.0015972574848757137,44304.64017357052,44354.9991192808,43762.58723209489
2022-11-28 11:54:48.888595,44246.09899093831,0,11,2022,0.013138605810876003,44343.089807310316,44343.887382079534,43810.31950823314
2022-11-29 11:54:48.888595,42793.35777569636,1,11,2022,-0.032833204471641286,44068.12125766683,44284.79085267421,43810.773587133226
2022-11-30 11:54:48.888595,43406.43658571454,2,11,2022,0.014326494621704322,43866.85527451215,44164.693094745,43845.09366416365
2022-12-01 11:54:48.888595,44163.307745535174,3,12,2022,0.017436841615091847,43802.13335956731,44105.256579661465,43880.64271923103
2022-12-02 11:54:48.888595,44994.89312872988,4,12,2022,0.018829780323208922,43839.86587295432,44201.37666259559,43935.91051048513
2022-12-03 11:54:48.888595,44219.32684483348,5,12,2022,-0.01723676244051764,43927.960978840696,44242.37040924678,43972.2252558422
2022-12-04 11:54:48.888595,44251.54903232416,6,12,2022,0.0007286901404843782,44010.71001482456,44203.59280553445,44032.890737696944
2022-12-05 11:54:48.888595,43300.11920542638,0,12,2022,-0.02150048637173796,43875.57004546571,44100.504701612794,44045.40315890476
2022-12-06 11:54:48.888595,44054.459127317714,1,12,2022,0.01742119734850056,44055.72738141161,44105.671873116655,44069.027596017535
2022-12-07 11:54:48.888595,44477.49033591466,2,12,2022,0.009602460612996966,44208.73506001163,44089.62872063092,44116.691632494956
2022-12-08 11:54:48.888595,43566.243478356184,3,12,2022,-0.02048782093315782,44123.44016470035,44006.358388001514,44116.2804152965
2022-12-09 11:54:48.888595,43450.63975222532,4,12,2022,-0.002653516045933557,43902.83253948541,43928.64362813994,44086.81006501417
2022-12-10 11:54:48.888595,43654.38345187994,5,12,2022,0.0046890840000621825,43822.126340492054,43856.88482259721,44067.1371300582
2022-12-11 11:54:48.888595,42618.36284611506,6,12,2022,-0.02373233851548684,43588.814028176464,43791.26493876296,44084.20236788694
2022-12-12 11:54:48.888595,43154.86962824075,0,12,2022,0.012588629555360775,43568.06408857852,43756.76919528319,44055.88415728199
2022-12-13 11:54:48.888595,42988.824209314414,1,12,2022,-0.0038476635512223467,43415.83052886376,43672.950876508265,44008.4191292939
2022-12-14 11:54:48.888595,43664.26029445033,2,12,2022,0.015711899489206482,43299.654808654566,43731.0110444252,44007.90094854971
2022-12-15 11:54:48.888595,43375.02190551107,3,12,2022,-0.0066241449411664766,43272.33744110527,43728.916732411635,43946.804913578315
2022-12-16 11:54:48.888595,44983.61047888126,4,12,2022,0.03708559679518708,43491.333259198975,43783.60358130137,43944.43008048142
2022-12-17 11:54:48.888595,44633.20569401993,5,12,2022,-0.007789610063110297,43631.16500807612,43759.491085654045,43980.43387412482
2022-12-18 11:54:48.888595,44677.44734065932,6,12,2022,0.0009912271805587736,43925.31993586815,43790.03245204243,44016.20143064461
2022-12-19 11:54:48.888595,44966.416098477814,0,12,2022,0.006467888722808013,44184.11228875916,43837.690256452675,44020.64153099356
2022-12-20 11:54:48.888595,44284.20681671557,1,12,2022,-0.015171528908779153,44369.166946959325,43903.29609720529,44001.90039940904
2022-12-21 11:54:48.888595,43500.33547174016,2,12,2022,-0.017700923225738463,44345.74911514359,43866.35452016678,43986.01319664172
2022-12-22 11:54:48.888595,44172.766864252684,3,12,2022,0.015458073718750187,44459.7126806781,43846.039622055985,43967.83417134346
2022-12-23 11:54:48.888595,43554.88692774202,4,12,2022,-0.013987802448722886,44255.609316229646,43845.28251868171,43925.820453341614
2022-12-24 11:54:48.888595,44060.28213817333,5,12,2022,0.01160363959318178,44173.76309396584,43885.92534441158,43907.284486275756
2022-12-25 11:54:48.888595,44030.50654187082,6,12,2022,-0.0006757922295898,44081.3429798532,43911.000217077635,43883.942519837416
2022-12-26 11:54:48.888595,43690.73144651688,0,12,2022,-0.007716810957666964,43899.10231528735,43982.49145710442,43886.878197933685
2022-12-27 11:54:48.888595,44201.598446438125,1,12,2022,0.011692800349351273,43887.30111953343,44052.273378317586,43904.52128680039
2022-12-28 11:54:48.888595,44579.17707945772,2,12,2022,0.00854219409004231,44041.42134920737,44158.2969029938,43915.623889751034
2022-12-29 11:54:48.888595,44952.65545316567,3,12,2022,0.008377866039166015,44152.834004766366,44244.189913574824,43987.60047900001
2022-12-30 11:54:48.888595,44699.178261634486,4,12,2022,-0.005638759022707163,44316.30419532243,44332.46700398305,44030.69186819734
2022-12-31 11:54:48.888595,43951.787076481334,5,12,2022,-0.01672046812087913,44300.804900795,44263.6787771564,44023.641179228885
2023-01-01 11:54:48.888595,41585.888327370296,6,1,2023,-0.05382940959816018,43951.57372729493,44060.52428604641,43910.00768585023
2023-01-02 11:54:48.888595,41199.53136327626,0,1,2023,-0.009290578598503796,43595.68800111769,43828.663220887545,43809.34783646499
2023-01-03 11:54:48.888595,40951.07504828216,1,1,2023,-0.006030561678076918,43131.327515666846,43560.97381754116,43699.33203699692
2023-01-04 11:54:48.888595,40556.54000665168,2,1,2023,-0.009634302424669339,42556.66507669455,43312.46269687024,43607.87939703777
2023-01-05 11:54:48.888595,40404.52075359691,3,1,2023,-0.003748328950887836,41906.93154818473,43106.075048994026,43486.21478458041
2023-01-06 11:54:48.888595,40517.85998355193,4,1,2023,0.0028051125923806985,41309.60036560152,42862.41459028064,43354.22710616831
2023-01-07 11:54:48.888595,40550.228232065725,5,1,2023,0.0007988637239710883,40823.66338782785,42662.10401056889,43253.6932646253
2023-01-08 11:54:48.888595,40086.207965623325,6,1,2023,-0.01144309876104388,40609.42333614972,42397.16573239889,43141.54553840523
2023-01-09 11:54:48.888595,39624.75811669007,0,1,2023,-0.011511436784666151,40384.45572949455,42103.449170720174,43007.224693898905
2023-01-10 11:54:48.888595,39552.82909257012,1,1,2023,-0.0018152545917914376,40184.706307249966,41827.589013790384,42905.0402354474
2023-01-11 11:54:48.888595,40502.23225063574,2,1,2023,0.02400341972614939,40176.948056390545,41580.964600736894,42816.61898952724
2023-01-12 11:54:48.888595,39394.62069151716,3,1,2023,-0.02734692626975377,40032.67661895058,41235.32750820753,42696.81220560066
2023-01-13 11:54:48.888595,40249.55309441674,4,1,2023,0.021701754906950477,39994.34706335984,40921.7873509576,42582.98863226621
2023-01-14 11:54:48.888595,40117.06563676743,5,1,2023,-0.0032916504026397897,39932.46669260294,40616.31317596646,42474.39008997475
2023-01-15 11:54:48.888595,41572.183245232096,6,1,2023,0.03627178571931844,40144.74887540419,40457.67292054985,42360.67584885311
2023-01-16 11:54:48.888595,40345.29833139221,0,1,2023,-0.029512159768048662,40247.68319179021,40374.96692081797,42217.74560343219
2023-01-17 11:54:48.888595,40819.51009306415,1,1,2023,0.011753829598106114,40428.63762043222,40349.632169470504,42089.147695179025
2023-01-18 11:54:48.888595,41803.61555619155,2,1,2023,0.024108703433327383,40614.549521225905,40406.468203331126,41983.721010436144
2023-01-19 11:54:48.888595,41206.353102863664,3,1,2023,-0.01428733963274198,40873.36843713255,40449.789076411915,41881.125886641086
2023-01-20 11:54:48.888595,41476.473314809715,4,1,2023,0.006555304985902177,41048.642754331544,40521.25258049278,41813.6638147434
2023-01-21 11:54:48.888595,40541.50594674526,5,1,2023,-0.022542113476427428,41109.27708432837,40522.828978039,41692.62178415982
2023-01-22 11:54:48.888595,40565.81383512955,6,1,2023,0.0005995803021283663,40965.5100257423,40523.86801824325,41592.986014406066
2023-01-23 11:54:48.888595,40896.434113109026,0,1,2023,0.008150219278804771,41044.243708844704,40577.8830947423,41487.524413570594
2023-01-24 11:54:48.888595,40850.061748812586,1,1,2023,-0.0011338974974733906,41048.60823109448,40659.57000355046,41381.50958713532
2023-01-25 11:54:48.888595,40694.71779901223,2,1,2023,-0.0038027837205135695,40890.194265783146,40735.69591731327,41281.642465551835
2023-01-26 11:54:48.888595,40865.3673057355,3,1,2023,0.004193406809357647,40841.48200905055,40759.90492098659,41170.434760861746
2023-01-27 11:54:48.888595,40146.56302398953,4,1,2023,-0.017589571050914743,40651.49482464767,40810.03440981809,41022.6809590128
2023-01-28 11:54:48.888595,40691.93243859913,5,1,2023,0.01358446087361731,40672.984323483935,40839.52636609691,40880.656858527254
2023-01-29 11:54:48.888595,40282.896246153934,6,1,2023,-0.010052021811999157,40632.567525058854,40850.58174005601,40733.44745801123
2023-01-30 11:54:48.888595,40116.991843017,0,1,2023,-0.004118482497463716,40521.21862933142,40753.568979908334,40605.62095022909
2023-01-31 11:54:48.888595,40858.01526780687,1,1,2023,0.018471560073337168,40522.35484633059,40787.75010900265,40581.35851491031
2023-02-01 11:54:48.888595,40628.535929126585,2,2,2023,-0.0056165072428542295,40512.900293489794,40775.01849807347,40562.32533377199
2023-02-02 11:54:48.888595,40443.91267158527,3,2,2023,-0.004544176976088332,40452.692488611196,40684.371639099714,40545.41992121542
2023-02-03 11:54:48.888595,40110.08379321028,4,2,2023,-0.008254119256110637,40447.48116992844,40611.28701845616,40530.53804743404
2023-02-04 11:54:48.888595,41031.99960124868,5,2,2023,0.022984639293983644,40496.062193164085,40581.655437552094,40551.45400902243
2023-02-05 11:54:48.888595,40328.04170690879,6,2,2023,-0.01715631461252176,40502.511544700494,40567.42448822966,40545.12673313433
2023-02-06 11:54:48.888595,40725.13781045837,0,2,2023,0.009846649793598727,40589.38954004926,40578.046086584916,40550.95705241408
2023-02-07 11:54:48.888595,40115.16052105676,1,2,2023,-0.014977906084456927,40483.26743337068,40525.9611804481,40551.922137595204
2023-02-08 11:54:48.888595,40312.14773735641,2,2,2023,0.004910542890542713,40438.069120260654,40490.10024635102,40574.83512495075
2023-02-09 11:54:48.888595,40705.54436665408,3,2,2023,0.009758761350567191,40475.445076699056,40490.82201752715,40613.25896742021
2023-02-10 11:54:48.888595,39828.112163713864,4,2,2023,-0.021555594369080833,40435.16341534242,40421.6716747257,40590.78829785615
2023-02-11 11:54:48.888595,40229.87058184609,5,2,2023,0.010087307590196382,40320.57355542777,40427.225511916135,40618.62996086711
2023-02-12 11:54:48.888595,39677.704922254925,6,2,2023,-0.013725265619927929,40227.66830047721,40359.61034415986,40599.56835512838
2023-02-13 11:54:48.888595,38925.19807261073,0,2,2023,-0.01896548328888148,39970.53405221327,40269.097132590316,40559.839436323164
2023-02-14 11:54:48.888595,40573.00341717907,1,2,2023,0.042332612964345984,40035.94018023073,40299.497904201125,40526.53344205473
2023-02-15 11:54:48.888595,40531.97019715785,2,2,2023,-0.001011342926707015,40067.3433887738,40277.761566157846,40532.755837580255
2023-02-16 11:54:48.888595,41445.88229169973,3,2,2023,0.022547931672119104,40173.1059494946,40332.25132366273,40553.6349108681
2023-02-17 11:54:48.888595,40498.52349156566,4,2,2023,-0.022857730316041436,40268.87899633058,40335.89204499475,40510.13184204724
2023-02-18 11:54:48.888595,40984.421073754864,5,2,2023,0.011997908572898952,40376.671923746115,40394.18119703106,40502.73410774361
2023-02-19 11:54:48.888595,41078.92953782692,6,2,2023,0.002305960694235054,40576.84686882783,40397.30985946961,40489.48264851085
2023-02-20 11:54:48.888595,40971.86972655244,0,2,2023,-0.002606197690129708,40869.22853367665,40440.23172744585,40503.82810783775
2023-02-21 11:54:48.888595,40364.250612963166,1,2,2023,-0.014830153411219515,40839.406704502944,40416.17258094617,40497.10933376555
2023-02-22 11:54:48.888595,40667.14359733507,2,2,2023,0.007503991273769106,40858.71719024255,40452.97145269806,40489.46631657308
2023-02-23 11:54:48.888595,40726.819970961544,3,2,2023,0.001467434600702644,40755.99400156567,40480.61626827173,40485.35825731138
2023-02-24 11:54:48.888595,41705.666195829144,4,2,2023,0.02403443788553883,40928.44295931759,40547.2910568834,40519.056537205266
2023-02-25 11:54:48.888595,41548.05580078996,5,2,2023,-0.0037791122745557404,41008.96220603689,40661.95396602181,40541.81282037376
2023-02-26 11:54:48.888595,41616.75737826605,6,2,2023,0.0016535449409591507,41085.79475467105,40754.41308578314,40590.819298849645
2023-02-27 11:54:48.888595,40457.872273660956,0,2,2023,-0.02784659780366039,41012.36654711513,40806.424242543544,40583.0172933517
2023-02-28 11:54:48.888595,41414.28705600178,1,2,2023,0.023639769681201628,41162.371753263506,40972.36350810295,40620.730320346636
2023-03-01 11:54:48.888595,41473.71408075538,2,3,2023,0.0014349401855751065,41277.596108037826,41032.4108856747,40665.954394937915
2023-03-02 11:54:48.888595,40095.3762346146,3,3,2023,-0.03323401042542151,41187.38985998826,41003.30462150515,40640.5330938315
2023-03-03 11:54:48.888595,39955.532199293404,4,3,2023,-0.003487784588998788,40937.370717626014,40903.94794867806,40618.099636170395
2023-03-04 11:54:48.888595,41423.757762642155,5,3,2023,0.03674648997353902,40919.61385503347,40965.630233416494,40650.76113920563
2023-03-05 11:54:48.888595,40656.36847928416,6,3,2023,-0.01852534209366352,40782.41544089321,40943.76006045178,40668.97062874142
2023-03-06 11:54:48.888595,40626.36402332424,0,3,2023,-0.0007380013779442196,40806.485690845104,40913.5890261516,40655.44944281061
2023-03-07 11:54:48.888595,39760.98228360772,1,3,2023,-0.021300989161119332,40570.299294788805,40832.86319662196,40636.5474620339
2023-03-08 11:54:48.888595,40841.26314009587,2,3,2023,0.02716937043412826,40479.949160408876,40864.664031764136,40640.41830635515
2023-03-09 11:54:48.888595,40055.340733929195,3,3,2023,-0.01924334229014324,40474.229803168106,40823.87717420374,40638.4243134509
2023-03-10 11:54:48.888595,40092.685263493026,4,3,2023,0.0009323233526308261,40493.82309805376,40781.60152703917,40631.10889765545
2023-03-11 11:54:48.888595,40019.47496622118,5,3,2023,-0.0018260262886033995,40293.211269993626,40669.18877839865,40608.239917641025
2023-03-12 11:54:48.888595,41457.05079687687,6,3,2023,0.03592190631858827,40407.59445822116,40663.12177813777,40662.53787207979
2023-03-13 11:54:48.888595,40629.384418391935,0,3,2023,-0.019964429755029434,40408.02594323083,40597.296914146165,40675.85499996466
2023-03-14 11:54:48.888595,40225.61240912332,1,3,2023,-0.009937930762392688,40474.40167544734,40581.81292317699,40694.11858286027
2023-03-15 11:54:48.888595,40063.72785633835,2,3,2023,-0.004024414871263815,40363.32520633913,40491.77564319943,40732.069575651185
2023-03-16 11:54:48.888595,40438.80212761044,3,3,2023,0.009361941370434668,40418.10540543644,40422.781512989764,40727.596199332234
2023-03-17 11:54:48.888595,39870.58050843785,4,3,2023,-0.014051395918689313,40386.37615471428,40407.79513124465,40705.5498763749
2023-03-18 11:54:48.888595,41169.77226752506,5,3,2023,0.03258522305217659,40550.70434061483,40488.74446912676,40696.34620890241
2023-03-19 11:54:48.888595,40576.075556242904,6,3,2023,-0.014420694567467196,40424.85073480998,40432.23232203348,40698.93127772499
2023-03-20 11:54:48.888595,40527.1665477925,0,3,2023,-0.0012053656688068015,40410.2481818672,40423.61885993404,40683.68946019291
2023-03-21 11:54:48.888595,40240.33634106921,1,3,2023,-0.007077479901908212,40412.35160071661,40397.883681117026,40655.73635363432
2023-03-22 11:54:48.888595,39901.56551501654,2,3,2023,-0.008418687736139074,40389.18555195636,40407.25589654429,40620.05954658312
2023-03-23 11:54:48.888595,40576.41664073846,3,3,2023,0.01691289845427124,40408.84476811751,40389.599463253784,40627.13174750897
2023-03-24 11:54:48.888595,40231.19087484477,4,3,2023,-0.008508039754971608,40460.360534747066,40401.322805981494,40612.59999009262
2023-03-25 11:54:48.888595,40321.80778414373,5,3,2023,0.0022524043491745083,40339.22275140687,40416.59764069154,40599.099583865354
2023-03-26 11:54:48.888595,41454.31087050016,6,3,2023,0.028086614876473126,40464.68493915791,40512.25336764347,40590.721073021065
2023-03-27 11:54:48.888595,40273.33131452081,0,3,2023,-0.028488703133158655,40428.422762976246,40433.3387354864,40548.23025681209
2023-03-28 11:54:48.888595,40636.350235845704,1,3,2023,0.009013878650609763,40484.99617651574,40433.803123316655,40515.55001873141
2023-03-29 11:54:48.888595,41344.157347539964,2,3,2023,0.017418077843760038,40691.080724019084,40508.372785877764,40545.09285452738
2023-03-30 11:54:48.888595,41229.31853544922,3,3,2023,-0.0027776309751678108,40784.35242326348,40586.07883115182,40538.92723717562
2023-03-31 11:54:48.888595,40818.00989796542,4,3,2023,-0.009976120200244298,40868.18371228071,40611.35934917549,40517.070431082626
2023-04-01 11:54:48.888595,44020.22829383044,5,4,2023,0.07845111517856318,41396.52949937882,40888.00253486833,40647.89883305648
2023-04-02 11:54:48.888595,43242.59471168978,6,4,2023,-0.017665369133254782,41651.99861954876,41026.190697812635,40757.4675834697
2023-04-03 11:54:48.888595,42454.6646507363,0,4,2023,-0.01822115592754847,41963.61766757955,41151.42997077887,40791.83114640617
2023-04-04 11:54:48.888595,42226.17058085126,1,4,2023,-0.0053820721884108025,42190.7348597232,41264.696906316116,40844.15788312508
2023-04-05 11:54:48.888595,43465.97568079364,2,4,2023,0.02936105933566724,42493.85176447372,41479.73952896441,40938.81160504072
2023-04-06 11:54:48.888595,43543.90136517864,3,4,2023,0.0017927973124833851,42824.50645443507,41722.56191897522,41064.90890775975
2023-04-07 11:54:48.888595,43334.48187684882,4,4,2023,-0.004809387348495342,43184.00245141842,41906.43293471591,41148.01619898485
2023-04-08 11:54:48.888595,43748.69215937494,5,4,2023,0.009558445482358735,43145.211575067624,42140.93302035125,41271.127913166376
2023-04-09 11:54:48.888595,43646.20682878774,6,4,2023,-0.002342591870263311,43202.87044893876,42362.55962332753,41389.578632009536
2023-04-10 11:54:48.888595,42436.154738940626,0,4,2023,-0.0277241065780085,43200.2261758251,42428.01588122356,41470.134624433515
2023-04-11 11:54:48.888595,43378.04334340565,1,4,2023,0.022195427702141002,43364.77942761858,42634.99668314921,41534.1677093178
2023-04-12 11:54:48.888595,42668.08867478812,2,4,2023,-0.016366682632434904,43250.79556961779,42770.44591241203,41602.124517864344
2023-04-13 11:54:48.888595,43521.30490591949,3,4,2023,0.019996588964518613,43247.56750400934,42915.58908297067,41711.98093442422
2023-04-14 11:54:48.888595,43087.35111811393,4,4,2023,-0.009971065636557475,43212.26310990436,43039.45792181499,41812.7683764834
2023-04-15 11:54:48.888595,43732.100857965015,5,4,2023,0.014963782249775681,43209.89292398865,43233.73065248163,41922.54500082856
2023-04-16 11:54:48.888595,43853.24486196723,6,4,2023,0.0027701391340806403,43239.469785871435,43222.598423690746,42055.30047927953
2023-04-17 11:54:48.888595,43860.383410442286,0,4,2023,0.00016278267429292725,43442.93102465739,43263.78433694092,42144.98751737677
2023-04-18 11:54:48.888595,42999.84991931899,1,4,2023,-0.019619835127077767,43388.90339264501,43300.13002151309,42225.77999614598
2023-04-19 11:54:48.888595,44147.136920895486,2,4,2023,0.02668118618388582,43600.19599923177,43428.1944441827,42346.445675249415
2023-04-20 11:54:48.888595,42309.36503360197,3,4,2023,-0.04162833686330558,43427.06173175784,43351.08706770326,42415.413298333835
2023-04-21 11:54:48.888595,44000.12067977322,4,4,2023,0.039961735299701484,43557.45738342346,43381.50168867623,42552.03180382573
2023-04-22 11:54:48.888595,42449.20208863133,5,4,2023,-0.03524805312306434,43374.1861306615,43322.48303612841,42614.45798542215
2023-04-23 11:54:48.888595,42874.294669628856,6,4,2023,0.010014147736156609,43234.33610318459,43264.189870145325,42702.56144524829
2023-04-24 11:54:48.888595,43443.84795299545,0,4,2023,0.013284260131981807,43174.83103783504,43250.69927842585,42806.62945087669
2023-04-25 11:54:48.888595,42760.9503590646,1,4,2023,-0.01571908627131091,43140.70252922727,43272.352319767444,42850.1841004955
2023-04-26 11:54:48.888595,42429.92682756715,2,4,2023,-0.007741257589408912,42895.38680160894,43209.14455204488,42922.07061759705
2023-04-27 11:54:48.888595,43476.87037324304,3,4,2023,0.024674648861182424,43062.17327870052,43263.06333194187,43016.75462217695
2023-04-28 11:54:48.888595,44161.876435232014,4,4,2023,0.015755643313520418,43085.28124376606,43305.76810056271,43110.67859176669
2023-04-29 11:54:48.888595,43513.71919164299,5,4,2023,-0.014676850168258038,43237.355115624865,43334.19263879797,43186.82528030648
2023-04-30 11:54:48.888595,43692.60858992551,6,4,2023,0.004111103385455506,43354.25710423868,43331.559820928676,43282.64523670515
2023-05-01 11:54:48.888595,43284.85974515394,0,5,2023,-0.009332215629386575,43331.54450311846,43293.66747980779,43258.13295174927
2023-05-02 11:54:48.888595,43053.11684481975,1,5,2023,-0.0053539020733487375,43373.28257251206,43239.84970876629,43251.817022853604
2023-05-03 11:54:48.888595,43220.22712350282,2,5,2023,0.00388149084038214,43486.18261478858,43254.541522378546,43277.335771945814
2023-05-04 11:54:48.888595,42799.42182105861,3,5,2023,-0.009736304745501356,43389.404250190804,43164.69384905609,43296.4441466194
2023-05-05 11:54:48.888595,44111.507723320225,4,5,2023,0.03065662680555259,43382.20871991769,43284.8366950373,43317.96188137028
2023-05-06 11:54:48.888595,44179.49890746132,5,5,2023,0.0015413479985213474,43477.32010789174,43296.79524354984,43339.14846611303
2023-05-07 11:54:48.888595,43701.50301694465,6,5,2023,-0.010819404980529246,43478.590740323045,43380.281972104065,43351.382504116234
2023-05-08 11:54:48.888595,43929.10108240394,0,5,2023,0.005208014593252042,43570.62521707305,43450.6023996224,43357.396134883864
2023-05-09 11:54:48.888595,44153.9255110791,1,5,2023,0.005117892766651977,43727.88359796724,43497.94090349464,43374.320090960246
2023-05-10 11:54:48.888595,42717.73845073573,2,5,2023,-0.03252682618180802,43656.09950185765,43495.06010960605,43383.70621468675
2023-05-11 11:54:48.888595,43629.9441344551,3,5,2023,0.0213542597712979,43774.74554662858,43575.06126339858,43392.10290772173
2023-05-12 11:54:48.888595,44003.01820212683,4,5,2023,0.008550872000248733,43759.24704360095,43610.137785324165,43436.60055863302
2023-05-13 11:54:48.888595,44174.49072553296,5,5,2023,0.0038968354992940935,43758.53158903976,43610.9787380109,43458.3734192868
2023-05-14 11:54:48.888595,43099.33886893698,6,5,2023,-0.02433874933105995,43672.508139324374,43583.353383163834,43458.773010980905
2023-05-15 11:54:48.888595,44350.861769114934,0,5,2023,0.029038099725468447,43732.75966599737,43627.23692844312,43479.398374685894
2023-05-16 11:54:48.888595,44051.801592674456,1,5,2023,-0.0067430522093876455,43718.170534796714,43678.36638494449,43486.016932376144
2023-05-17 11:54:48.888595,43792.08490529757,2,5,2023,-0.005895710912764973,43871.648599734115,43727.63092230968,43483.74031553799
2023-05-18 11:54:48.888595,44282.97348153731,3,5,2023,0.01120952741348824,43964.938506460145,43798.48067951198,43526.51110094526
2023-05-19 11:54:48.888595,44433.795735987595,4,5,2023,0.003405874596771774,44026.478154154545,43907.43894050724,43536.066394781665
2023-05-20 11:54:48.888595,43980.91540208236,5,5,2023,-0.010192249534478504,43998.82453651874,43898.73278575806,43591.784740397685
2023-05-21 11:54:48.888595,43285.725125258265,6,5,2023,-0.015806635002216907,44025.45114456464,43839.14786694452,43567.971555247175
2023-05-22 11:54:48.888595,43813.56014901469,0,5,2023,0.012194205415965609,43948.69377026461,43846.61834241585,43613.450157259955
2023-05-23 11:54:48.888595,43902.226606096076,1,5,2023,0.00202372180621313,43927.325915039124,43844.826710662,43647.7145551422
2023-05-24 11:54:48.888595,44315.64078137256,2,5,2023,0.009416701776558067,44002.11961162127,43855.60772868156,43676.7743160881
2023-05-25 11:54:48.888595,44568.719514837634,3,5,2023,0.005710821935614563,44042.94047352131,43979.00646628835,43737.033287947204
2023-05-26 11:54:48.888595,44689.07735570274,4,5,2023,0.0027005003099771496,44079.40927633776,44049.615347704865,43812.33830555172
2023-05-27 11:54:48.888595,44473.30563087542,5,5,2023,-0.004828287751610816,44149.75073759391,44080.96784295477,43845.552814139475
2023-05-28 11:54:48.888595,44044.79781807609,6,5,2023,-0.009635168933829763,44258.189693710745,44072.32164912431,43841.650193567606
2023-05-29 11:54:48.888595,43467.26101080016,0,5,2023,-0.013112486284110214,44208.71838825153,44096.849791915185,43840.10158753951
2023-05-30 11:54:48.888595,44592.5186843248,1,5,2023,0.02588747593838625,44307.33154228419,44112.96025292918,43870.098590686146
2023-05-31 11:54:48.888595,44845.50796817567,2,5,2023,0.005673357130639101,44383.02685468464,44165.874011295935,43922.12019812021
2023-06-01 11:54:48.888595,41642.2925748846,3,6,2023,-0.07142778704980235,43964.96586326278,44022.554522601735,43875.09272245571
2023-06-02 11:54:48.888595,42496.6762175291,4,6,2023,0.02051720954383285,43651.76570066655,43903.46803833452,43850.97435892325
2023-06-03 11:54:48.888595,41811.04062505848,5,6,2023,-0.016133863951172,43271.44212840699,43728.61769760591,43818.028319056575
2023-06-04 11:54:48.888595,41728.86478976985,6,6,2023,-0.001965409950580921,42940.59455293466,43578.48099011841,43738.60688793824
2023-06-05 11:54:48.888595,41649.72362561509,0,6,2023,-0.0018965568450871606,42680.946355051085,43469.41422347553,43654.28104521003
2023-06-06 11:54:48.888595,41681.30040527322,1,6,2023,0.0007581510009999626,42265.05802947229,43327.26357389277,43586.94095815431
2023-06-07 11:54:48.888595,40569.68659998955,2,6,2023,-0.026669364786493954,41654.226405445705,43105.09424015233,43474.96047540717
2023-06-08 11:54:48.888595,41441.559044048205,3,6,2023,0.02149073648646027,41625.55018675479,42913.48879099738,43384.54825983947
2023-06-09 11:54:48.888595,41836.9593997963,4,6,2023,0.009541155421489478,41531.30492707867,42731.37144999462,43355.18895814149
2023-06-10 11:54:48.888595,41017.250568126154,5,6,2023,-0.019592935132712763,41417.90634751692,42486.58299748951,43268.09917259719
2023-06-11 11:54:48.888595,41569.34879679302,6,6,2023,0.013460147158081082,41395.11834852021,42292.98587521735,43186.97685908606
2023-06-12 11:54:48.888595,41426.562802228706,0,6,2023,-0.003434886489617761,41363.2382308936,42118.43687416086,43095.379261642585
2023-06-13 11:54:48.888595,41641.242269778726,1,6,2023,0.005182169434980732,41357.515640108664,41996.7022914261,43046.77604167065
2023-06-14 11:54:48.888595,42556.75303250283,2,6,2023,0.021985673645200876,41641.382273324845,41860.984581304634,42986.97241711691
2023-06-15 11:54:48.888595,41771.46783271992,3,6,2023,-0.01845265777638494,41688.51210027795,41656.04857227425,42910.96129178509
2023-06-16 11:54:48.888595,41978.355938209585,4,6,2023,0.004952856967300745,41708.711605765566,41678.45279649591,42850.50365954883
2023-06-17 11:54:48.888595,43136.01038797725,5,6,2023,0.02757741278557191,42011.39158003001,41721.07507452579,42812.271556430154
2023-06-18 11:54:48.888595,42056.306491441246,6,6,2023,-0.02503022154401502,42080.956964979756,41737.42613228464,42733.02191494528
2023-06-19 11:54:48.888595,42223.323259316865,0,6,2023,0.003971265710402072,42194.77988742092,41770.39003025444,42674.43551018643
2023-06-20 11:54:48.888595,42477.47095393984,1,6,2023,0.0060191305421912755,42314.24112801537,41825.5731854761,42647.49370447582
2023-06-21 11:54:48.888595,41658.28028325316,2,6,2023,-0.01928529764813358,42185.88787812255,41824.038510674756,42575.65104228376
2023-06-22 11:54:48.888595,41346.39286173558,3,6,2023,-0.0074868050096383865,42125.16288226765,41875.81892812449,42490.45658413842
2023-06-23 11:54:48.888595,41926.74219121026,4,6,2023,0.014036274734180454,42117.789489839175,41908.16447126863,42410.826631133
2023-06-24 11:54:48.888595,42219.721116721754,5,6,2023,0.006987877192445424,41986.89102251695,41933.68191906366,42332.52668452914
2023-06-25 11:54:48.888595,42948.1861903722,6,6,2023,0.017254142244012227,42114.30240807852,42062.410960546724,42274.49697901812
2023-06-26 11:54:48.888595,42611.270073430904,0,6,2023,-0.007844711193340848,42169.723381523385,42131.872378989254,42212.4291271033
2023-06-27 11:54:48.888595,42405.133764253645,1,6,2023,-0.004837600682214616,42159.3894972825,42197.11044312425,42157.77365864255
2023-06-28 11:54:48.888595,42552.10742350037,2,6,2023,0.003465940234119058,42287.07908874639,42257.83478670569,42127.268539065895
2023-06-29 11:54:48.888595,41311.11105062616,3,6,2023,-0.02916415773543657,42282.03883001647,42174.79198791391,42017.88828460928
2023-06-30 11:54:48.888595,42564.335473441504,4,6,2023,0.030336255572490867,42373.12358462094,42227.64983062868,41941.84920145147
2023-07-01 11:54:48.888595,42198.76643582732,5,7,2023,-0.008588623164157871,42370.13005877887,42242.3438638032,41960.39833014956
2023-07-02 11:54:48.888595,43246.407614467484,6,7,2023,0.024826346055241588,42412.73311936391,42249.70367890255,41985.38937671416
2023-07-03 11:54:48.888595,41295.52056729748,0,7,2023,-0.045110961922242176,42224.76890420199,42198.984617292976,41968.205374788806
2023-07-04 11:54:48.888595,42034.5054860261,1,7,2023,0.017895038216659165,42171.822007312345,42186.39676574025,41978.393397997344
2023-07-05 11:54:48.888595,41861.737107668494,2,7,2023,-0.0041101560815326454,42073.19767647922,42145.3478426555,41985.460514065795
2023-07-06 11:54:48.888595,43455.955396572965,3,7,2023,0.038082946362310244,42379.60401161447,42265.19285021015,42044.61568044245
2023-07-07 11:54:48.888595,43134.18602272326,4,7,2023,-0.00740449429573653,42461.01123294044,42384.37906094266,42130.09899453357
2023-07-08 11:54:48.888595,42888.13219159888,5,7,2023,-0.005704380998281966,42559.49205519352,42448.47172763523,42178.31809945193
2023-07-09 11:54:48.888595,42363.08538005306,6,7,2023,-0.012242240095703405,42433.303164562894,42458.02934519065,42195.85563212715
2023-07-10 11:54:48.888595,43740.49616452207,0,7,2023,0.03251441135865818,42782.585392737834,42510.85001013398,42286.630485340356
2023-07-11 11:54:48.888595,42298.53370426518,1,7,2023,-0.03296630323609506,42820.30370962912,42490.00091885626,42310.936648922754
2023-07-12 11:54:48.888595,43530.28326951844,2,7,2023,0.029120384499972785,43058.66744703626,42565.01088587392,42381.060664499084
2023-07-13 11:54:48.888595,42395.881833784595,3,7,2023,-0.026060051773846293,42907.22836663793,42554.59584655953,42406.21531663261
2023-07-14 11:54:48.888595,42447.01150519454,4,7,2023,0.0012060056118281537,42809.060578419536,42630.32254353076,42402.55726572234
2023-07-15 11:54:48.888595,42408.13891375675,5,7,2023,-0.000915791007643274,42740.490110156374,42619.909439551775,42423.779635090235
2023-07-16 11:54:48.888595,42958.26419507163,6,7,2023,0.012972162783036367,42825.51565515903,42670.542623501395,42456.4432436523
2023-07-17 11:54:48.888595,42981.43904110862,0,7,2023,0.000539473520898337,42717.07892324282,42652.87805194414,42451.29086542335
2023-07-18 11:54:48.888595,42377.345757356496,1,7,2023,-0.014054747752264785,42728.33778797015,42724.99973128141,42461.99217428719
2023-07-19 11:54:48.888595,43219.79011273925,2,7,2023,0.01987959227570335,42683.98162271598,42804.01870639562,42495.20773606793
2023-07-20 11:54:48.888595,42594.24344343731,3,7,2023,-0.01447361654626711,42712.318995523514,42852.85246211353,42499.10015238452
2023-07-21 11:54:48.888595,43143.97865546626,4,7,2023,0.012906326479515062,42811.88573127661,42832.054012706416,42548.62343145828
2023-07-22 11:54:48.888595,42793.37091977766,5,7,2023,-0.008126458120342406,42866.918874993884,42809.33300584338,42596.85603339302
2023-07-23 11:54:48.888595,43133.48131115268,6,7,2023,0.007947735456797833,42891.94989157689,42825.689613813636,42637.080670724434
2023-07-24 11:54:48.888595,43604.019894438046,0,7,2023,0.010908894181089535,42980.8900134811,42908.418581439306,42683.22396331498
2023-07-25 11:54:48.888595,42516.78468142346,1,7,2023,-0.024934288527679316,43000.80985977638,42826.837815899395,42668.84391301669
2023-07-26 11:54:48.888595,42548.238089709135,2,7,2023,0.0007397880277484337,42904.87385648636,42843.48477492899,42666.74284689263
2023-07-27 11:54:48.888595,44136.97894479123,3,7,2023,0.03733975662476041,43125.26464239407,42883.93115328051,42724.47101957721
2023-07-28 11:54:48.888595,44022.67922798248,4,7,2023,-0.0025896588199143533,43250.793295610674,42992.38431289371,42773.490079726624
2023-07-29 11:54:48.888595,43163.52317874063,5,7,2023,-0.019516214467377058,43303.67218974824,43040.151757796775,42835.237150663765
2023-07-30 11:54:48.888595,43301.29373020138,6,7,2023,0.0031918282224145944,43327.64539246948,43099.695412226414,42859.802425889095
2023-07-31 11:54:48.888595,44175.40641933899,0,7,2023,0.020186756880382628,43409.2720388839,43180.83822717758,42925.69042533949
2023-08-01 11:54:48.888595,45745.74718521656,1,8,2023,0.035547851014000154,43870.55239656864,43365.12543678478,43009.00174436446
2023-08-02 11:54:48.888595,45027.01339437571,2,8,2023,-0.015711488718958333,44224.66315437814,43541.76994591939,43133.384838600396
2023-08-03 11:54:48.888595,45742.39487623481,3,8,2023,0.015887828837176654,44454.00828744151,43709.94359681909,43256.98115160735
2023-08-04 11:54:48.888595,47054.4653163142,4,8,2023,0.028683903491049323,44887.12058577461,44007.291721677546,43430.07209189554
2023-08-05 11:54:48.888595,47085.49029186276,5,8,2023,0.0006593417933877799,45447.401601934915,44270.05916410398,43551.0565884052
2023-08-06 11:54:48.888595,45965.32599785104,6,8,2023,-0.023790010193550204,45827.97764017059,44481.52283597554,43645.42792090947
2023-08-07 11:54:48.888595,45882.939663604106,0,8,2023,-0.0017923583148476974,46071.91096077988,44664.82005947231,43745.25483664298
2023-08-08 11:54:48.888595,45641.76721806019,1,8,2023,-0.005256255316509861,46057.056679757545,44800.66988104711,43854.544231243206
2023-08-09 11:54:48.888595,46544.666793322154,2,8,2023,0.019782309719696745,46273.86430817847,45069.19535517369,43948.01658553654
2023-08-10 11:54:48.888595,45718.53767758839,3,8,2023,-0.017749168114192804,46270.45613694326,45280.54866103231,44062.01671798065
2023-08-11 11:54:48.888595,46260.84696372016,4,8,2023,0.01186191233753342,46157.08208657269,45422.139862294236,44153.035507787376
2023-08-12 11:54:48.888595,47384.50501289709,5,8,2023,0.02428961255417894,46199.79847529188,45646.26158128854,44319.322947091125
2023-08-13 11:54:48.888595,45876.68445958811,6,8,2023,-0.031820962420069154,46187.13539839717,45827.13900001171,44433.645378904235
2023-08-14 11:54:48.888595,46965.832237906,0,8,2023,0.02374076921965229,46341.83433758316,46071.44156719202,44585.568489709214
2023-08-15 11:54:48.888595,46007.88553150062,1,8,2023,-0.020396672660943915,46394.136953788926,46193.60684133613,44687.222534256856
2023-08-16 11:54:48.888595,45763.17360328698,2,8,2023,-0.005318912733907166,46282.495069498196,46194.76860254082,44779.9470196628
2023-08-17 11:54:48.888595,46157.880127001175,3,8,2023,0.008624981456396341,46345.25827655716,46270.15971804919,44905.96483198428
2023-08-18 11:54:48.888595,47540.05115386085,4,8,2023,0.029944421690439427,46528.001732291545,46390.00346989092,45049.97353335501
2023-08-19 11:54:48.888595,48553.483743128236,5,8,2023,0.021317448439158504,46694.99869375314,46489.93803167853,45248.61487667803
2023-08-20 11:54:48.888595,48348.18442336526,6,8,2023,-0.004228312861114358,47048.07011714987,46574.11764044536,45422.08840227467
2023-08-21 11:54:48.888595,47359.29555708215,0,8,2023,-0.0204534850290099,47104.27916274647,46667.0489443941,45574.285890184816
2023-08-22 11:54:48.888595,47758.051895039185,1,8,2023,0.008419811428073576,47354.30292896625,46792.05642648977,45728.43824298104
2023-08-23 11:54:48.888595,47178.680763287884,2,8,2023,-0.012131381175777833,47556.51823753782,46894.517329504946,45847.59360527603
2023-08-24 11:54:48.888595,47043.80115222528,3,8,2023,-0.0028589101874074707,47683.07838399841,46927.792953431825,45998.49415430276
2023-08-25 11:54:48.888595,48411.05778317564,4,8,2023,0.029063481212459052,47807.507902471945,47107.29429380431,46193.92147741831
2023-08-26 11:54:48.888595,46954.965585957005,5,8,2023,-0.0300776777846955,47579.1481657332,47153.568868620096,46287.85436545717
2023-08-27 11:54:48.888595,47067.00091547928,6,8,2023,0.0023860166464648724,47396.121950320914,47132.40192879224,46389.331755040395
2023-08-28 11:54:48.888595,47318.06975613221,0,8,2023,0.005334285927921956,47390.23255018521,47228.49428189518,46527.81664095344
2023-08-29 11:54:48.888595,47034.759970385036,1,8,2023,-0.005987348748740073,47286.90513237748,47233.08946406045,46652.26551562624
2023-08-30 11:54:48.888595,47399.211232603826,2,8,2023,0.007748551548860005,47318.40948513689,47325.84451080066,46759.72567606839
2023-08-31 11:54:48.888595,47672.027932697434,3,8,2023,0.005755722363285809,47408.15616806149,47453.1014660947,46823.93503431776
2023-09-01 11:54:48.888595,47231.382453952305,4,9,2023,-0.009243271114189322,47239.63112102959,47524.668287891436,46897.41400297031
2023-09-02 11:54:48.888595,47651.762486882246,5,9,2023,0.008900438883824524,47339.17353544747,47532.11571009286,46961.0595899919
2023-09-03 11:54:48.888595,47815.10051422742,6,9,2023,0.003427743672443251,47446.044906697214,47482.890161499476,46986.414096589
2023-09-04 11:54:48.888595,47411.65159738445,0,9,2023,-0.008437688355855788,47459.413741161814,47420.45463976743,46997.28614010639
2023-09-05 11:54:48.888595,47423.543514436766,1,9,2023,0.00025082267020137827,47514.95424745492,47424.737836924396,47045.89339065924
2023-09-06 11:54:48.888595,48078.64280912081,2,9,2023,0.01381379893057999,47612.01590124307,47446.110564529845,47119.0834955098
2023-09-07 11:54:48.888595,48237.65099574504,3,9,2023,0.0033072519799595135,47692.81919596415,47516.708580026985,47205.61295476597
2023-09-08 11:54:48.888595,47861.62251660098,4,9,2023,-0.007795331476178724,47782.853490628244,47571.230004318706,47249.51147887526
2023-09-09 11:54:48.888595,47957.58338588788,5,9,2023,0.002004964818182131,47826.542190486194,47540.99837783284,47324.14633581857
2023-09-10 11:54:48.888595,47554.98085700913,6,9,2023,-0.008394971148550812,47789.38223945501,47580.99939590299,47367.28413226154
2023-09-11 11:54:48.888595,48052.21322076002,0,9,2023,0.01045594709092601,47880.89104279438,47646.68021625504,47389.54107252364
2023-09-12 11:54:48.888595,48137.52637681356,1,9,2023,0.0017754261528308835,47982.888594562486,47701.310657633796,47464.90246976449
2023-09-13 11:54:48.888595,47778.372304829965,2,9,2023,-0.007460999744195229,47939.99280823523,47750.88481326345,47491.98713866195
2023-09-14 11:54:48.888595,48738.21266308047,3,9,2023,0.020089431932227564,48011.50161785458,47840.15157529524,47582.99804304795
2023-09-15 11:54:48.888595,48027.06244420528,4,9,2023,-0.014591224831966287,48035.135893226616,47863.820542729096,47658.461004411896
2023-09-16 11:54:48.888595,47151.15143031714,5,9,2023,-0.018237863598376758,47919.93132814509,47858.471807820075,47691.570047855756
2023-09-17 11:54:48.888595,48674.21287817762,6,9,2023,0.03230168090616736,48079.82161688343,47926.63516723977,47729.37543866631
2023-09-18 11:54:48.888595,48324.23536844996,0,9,2023,-0.007190203786213933,48118.68192369629,47960.57749085461,47721.73382617704
2023-09-19 11:54:48.888595,49082.40318683689,1,9,2023,0.01568918395927521,48253.66432512819,48071.96093015143,47746.207784959435
2023-09-20 11:54:48.888595,48923.05574446922,2,9,2023,-0.0032465289395285923,48417.19053079094,48171.928412153604,47798.333124539
2023-09-21 11:54:48.888595,48350.87378183771,3,9,2023,-0.011695548324292648,48361.85640489911,48190.07714366806,47818.093854098945
2023-09-22 11:54:48.888595,47554.072316694735,4,9,2023,-0.016479567023715003,48294.28638668333,48144.50523173137,47830.60690587918
2023-09-23 11:54:48.888595,48210.9101971182,5,9,2023,0.013812442308813067,48445.680496226334,48167.79107709918,47869.510540708936
2023-09-24 11:54:48.888595,48752.892824458664,6,9,2023,0.011241908213814655,48456.9204885522,48220.81170633724,47880.90504208503
2023-09-25 11:54:48.888595,49019.365509134426,0,9,2023,0.005465782012879394,48556.22479436426,48318.43734981226,47949.71837285763
2023-09-26 11:54:48.888595,48255.24035549252,1,9,2023,-0.015588230196482589,48438.05867560078,48331.97249212776,47989.3263541914
2023-09-27 11:54:48.888595,47463.2858482402,2,9,2023,-0.016411782459646918,48229.52011899663,48287.023123556195,47994.16689059499
2023-09-28 11:54:48.888595,49066.40798322528,3,9,2023,0.03377604618675001,48331.73929062344,48372.89216878256,48061.888491023004
2023-09-29 11:54:48.888595,49224.141415011014,4,9,2023,0.0032146928676672903,48570.3205903829,48405.287418911255,48122.71949710325
2023-09-30 11:54:48.888595,48388.81600587206,5,9,2023,-0.01696983197931856,48595.73570591916,48429.40432302237,48146.612432875736
2023-10-01 11:54:48.888595,49321.85652104993,6,10,2023,0.01928215220361329,48677.01623400363,48574.1179957379,48216.29490177899
2023-10-02 11:54:48.888595,49476.601485513944,0,10,2023,0.00313745214351302,48742.33565920071,48627.61056956032,48277.122868400045
2023-10-03 11:54:48.888595,49386.141221406215,1,10,2023,-0.001828344336346821,48903.892925759814,48698.40429309073,48329.49089197267
2023-10-04 11:54:48.888595,51351.5459265748,2,10,2023,0.03979668499219957,49459.35865123618,48849.68047573993,48460.82070294568
2023-10-05 11:54:48.888595,49914.19672707115,3,10,2023,-0.02799037835314344,49580.47132892844,48915.756541246716,48543.84247670016
2023-10-06 11:54:48.888595,50340.11511500135,4,10,2023,0.008533010963976961,49739.896143212776,49048.3726301243,48619.224886896176
2023-10-07 11:54:48.888595,50178.61254077346,5,10,2023,-0.0032082281468553964,49995.58136248441,49223.34197839621,48683.92360506379
2023-10-08 11:54:48.888595,50778.17725065379,6,10,2023,0.011948610763064638,50203.62718099925,49394.49311529859,48781.142096198884
2023-10-09 11:54:48.888595,50825.113440972505,0,10,2023,0.000924337832904687,50396.271746064755,49532.64115639951,48876.72643136838
2023-10-10 11:54:48.888595,51246.30992947289,1,10,2023,0.00828717261968448,50662.01013293141,49681.10411775541,48999.77073378383
2023-10-11 11:54:48.888595,49482.957548776016,2,10,2023,-0.034409353241700025,50395.06893610302,49762.95193064098,49047.462211384365
2023-10-12 11:54:48.888595,49399.812231157615,3,10,2023,-0.001680281893749802,50321.58543668681,49892.053689502136,49089.538406529166
2023-10-13 11:54:48.888595,49449.46296120873,4,10,2023,0.0010050793274027914,50194.34941471643,49917.59068803436,49145.24142840846
2023-10-14 11:54:48.888595,50751.07972756568,5,10,2023,0.02632216182768299,50276.13044140104,50019.386575538,49212.33699722463
2023-10-15 11:54:48.888595,50504.43672185379,6,10,2023,-0.004859857308177173,50237.02465157246,50160.42795660346,49294.916139812914
2023-10-16 11:54:48.888595,50619.64551897445,0,10,2023,0.002281161905738349,50207.67209128702,50246.947223131756,49410.53260943483
2023-10-17 11:54:48.888595,50584.64198779989,1,10,2023,-0.0006915009146288842,50113.14809961945,50320.81658995082,49474.213579755575
2023-10-18 11:54:48.888595,51347.332395222125,2,10,2023,0.015077509248877963,50379.48736339747,50451.56266820522,49574.98348064798
2023-10-19 11:54:48.888595,50204.23886813123,3,10,2023,-0.0222619846790183,50494.405454393695,50375.075530975635,49612.378003357786
2023-10-20 11:54:48.888595,51229.69777969087,4,10,2023,0.020425743616055092,50748.72471417686,50462.7756011503,49689.26607119851
2023-10-21 11:54:48.888595,50112.24439640644,5,10,2023,-0.02181260932067075,50657.46252401125,50447.58421991064,49747.97842501746
2023-10-22 11:54:48.888595,50671.7123043584,6,10,2023,0.011164295566695515,50681.35903579763,50480.457537482966,49851.89975793959
2023-10-23 11:54:48.888595,50980.55458961203,0,10,2023,0.006094964452722174,50732.91747446014,50493.94936008017,49944.22123768938
2023-10-24 11:54:48.888595,49958.25047378334,1,10,2023,-0.02005282453394497,50643.43297245778,50436.158495600896,49984.399826000204
2023-10-25 11:54:48.888595,50367.64537778034,2,10,2023,0.008194740610699469,50503.477684251804,50377.5808588214,50029.34248828841
2023-10-26 11:54:48.888595,51746.286485662975,3,10,2023,0.027371561595587846,50723.770201042054,50528.469454613856,50145.71069262742
2023-10-27 11:54:48.888595,50798.108096267264,4,10,2023,-0.018323602596263977,50662.11453198154,50621.689178954504,50256.87143422833
2023-10-28 11:54:48.888595,52204.685259276506,5,10,2023,0.02768955805093465,50961.03465524869,50805.37066549235,50361.480676763356
2023-10-29 11:54:48.888595,51215.57083255143,6,10,2023,-0.018946851643920515,51038.72873070485,50836.33673915807,50427.86165734803
2023-10-30 11:54:48.888595,51034.91241658436,0,10,2023,-0.0035274119380164226,51046.49413455803,50871.70178547344,50516.06487103845
2023-10-31 11:54:48.888595,50792.20987721221,1,10,2023,-0.004755617828654857,51165.63119219073,50883.20607602263,50565.0766495772
2023-11-01 11:54:48.888595,51111.87794716513,2,11,2023,0.006293643665548299,51271.95013067427,50918.35513998031,50619.585864965564
2023-11-02 11:54:48.888595,51613.9670871577,3,11,2023,0.009823335791175225,51253.047359459226,50936.13078610935,50693.84672715728
2023-11-03 11:54:48.888595,50627.319381074514,4,11,2023,-0.01911590528232565,51228.64897157455,50964.336153638906,50669.705842307274
2023-11-04 11:54:48.888595,51468.60537771083,5,11,2023,0.016617233677807652,51123.494702779455,50980.26332684023,50721.51946399526
2023-11-05 11:54:48.888595,51394.385569021644,6,11,2023,-0.0014420404078274718,51149.03966513234,51065.739405014574,50756.66181246261
2023-11-06 11:54:48.888595,51880.838109328644,0,11,2023,0.009465091077968113,51269.88619266724,51146.347792012595,50813.40266474778
2023-11-07 11:54:48.888595,52279.765845749316,1,11,2023,0.007689307863146144,51482.39418817253,51232.96187575508,50863.45561791763
2023-11-08 11:54:48.888595,51938.5723151439,2,11,2023,-0.006526301812676438,51600.493383598085,51364.98333184579,50900.57091372334
2023-11-09 11:54:48.888595,50754.26466845325,3,11,2023,-0.022802083189824907,51477.678752354586,51390.757951223975,50884.16940502269
2023-11-10 11:54:48.888595,50838.64230489423,4,11,2023,0.0016624738234740644,51507.86774147169,51330.24833917273,50929.358896893296
2023-11-11 11:54:48.888595,51672.4497932718,5,11,2023,0.016401057356665527,51536.98837226611,51388.53778563969,51005.1134822971
2023-11-12 11:54:48.888595,51745.51559319466,6,11,2023,0.001414018499513281,51587.149804290835,51357.92647456758,51081.64857002997
2023-11-13 11:54:48.888595,50530.048631407575,0,11,2023,-0.023489319757535432,51394.17987887353,51312.22499449132,51074.280866824694
2023-11-14 11:54:48.888595,51171.6470018961,1,11,2023,0.012697363012030172,51235.87718689451,51321.3406335121,51096.52120949277
2023-11-15 11:54:48.888595,51464.199421016674,2,11,2023,0.005717080380659656,51168.10963059061,51366.139936432395,51124.67300622751
2023-11-16 11:54:48.888595,51184.449625616115,3,11,2023,-0.005435813605337403,51229.564624471015,51370.97804832913,51144.66659415472
2023-11-17 11:54:48.888595,51830.997248530366,4,11,2023,0.012631719743855019,51371.32961641904,51385.44672575397,51160.788755931666
2023-11-18 11:54:48.888595,50513.117873388466,5,11,2023,-0.025426471515156313,51205.71077072142,51377.83329190824,51171.084722773565
2023-11-19 11:54:48.888595,50444.16168557894,6,11,2023,-0.0013651144635807855,51019.80306963345,51309.53704576611,51144.90018630317
2023-11-20 11:54:48.888595,52120.38042369903,0,11,2023,0.03322919208308095,51246.993325675096,51357.9367027446,51211.83805387959
2023-11-21 11:54:48.888595,51883.5676103047,1,11,2023,-0.004543574154087571,51348.69626973347,51358.11866947634,51252.23323074447
2023-11-22 11:54:48.888595,52202.85220792765,2,11,2023,0.006153867444526728,51454.218096435034,51352.99109362157,51292.97648468832
2023-11-23 11:54:48.888595,51929.37443209275,3,11,2023,-0.005238751605862846,51560.6359259317,51352.37790141816,51358.68061663197
2023-11-24 11:54:48.888595,51509.62604818356,4,11,2023,-0.008083062592215251,51514.72575445358,51402.73532673351,51396.74663897874
2023-11-25 11:54:48.888595,52717.98755407082,5,11,2023,0.023458945416472643,51829.70713740821,51528.025010011945,51429.13667459234
2023-11-26 11:54:48.888595,53316.600647853855,6,11,2023,0.01135500654627708,52240.05556059034,51637.63506698409,51513.086426311886
2023-11-27 11:54:48.888595,53464.13440236854,0,11,2023,0.0027671260493353778,52432.02041468598,51752.20965426233,51555.06806441496
2023-11-28 11:54:48.888595,52087.07739532975,1,11,2023,-0.02575665018113127,52461.093241118135,51856.011571857154,51584.11828317424
2023-11-29 11:54:48.888595,52999.749222196915,2,11,2023,0.0175220394866884,52574.93567172803,51977.88505321054,51649.61284336133
2023-11-30 11:54:48.888595,52739.256667683374,3,11,2023,-0.004914977114730212,52690.633133955256,52062.888869654984,51714.51440304369
2023-12-01 11:54:48.888595,51761.05681830472,4,12,2023,-0.018547850523233822,52726.55181540114,52101.32934916756,51736.15369874834
2023-12-02 11:54:48.888595,53704.80305166745,5,12,2023,0.03755229032872731,52867.52545791494,52226.24973604337,51805.848230898664
2023-12-03 11:54:48.888595,52573.814621556456,6,12,2023,-0.02105935346272303,52761.41316844388,52363.629519254566,51870.7314055814
2023-12-04 11:54:48.888595,53713.06102841596,0,12,2023,0.02166946444841744,52796.97411502209,52581.55614211037,51945.54659393824
2023-12-05 11:54:48.888595,52434.2411688064,1,12,2023,-0.02380835936594683,52846.56893980446,52602.4801917842,51980.2084472644
2023-12-06 11:54:48.888595,52313.13244473632,2,12,2023,-0.002309725884659719,52748.48082873867,52631.11784741297,51994.61825844466
2023-12-07 11:54:48.888595,53092.494284969485,3,12,2023,0.014898015160083933,52798.943345493826,52690.427319215756,52021.709206418665
2023-12-08 11:54:48.888595,53893.7780938429,4,12,2023,0.015092223856965292,53103.61781342786,52821.387563332435,52086.88273237529
2023-12-09 11:54:48.888595,53655.51900231515,5,12,2023,-0.004420901631963514,53096.57723494895,52964.44709360787,52183.591210170685
2023-12-10 11:54:48.888595,53858.35556458773,6,12,2023,0.0037803485278713467,53280.083083953425,53040.471627642335,52284.248318827136
2023-12-11 11:54:48.888595,53094.358996345814,0,12,2023,-0.01418529326105622,53191.697079371974,53025.655517541796,52331.64529226294
2023-12-12 11:54:48.888595,53554.25831712841,1,12,2023,0.008661924345187977,53351.69952913227,53031.663778525784,52391.93671639406
2023-12-13 11:54:48.888595,54188.391600973344,2,12,2023,0.011840949791328104,53619.59369430897,53171.75139223536,52513.88148204626
2023-12-14 11:54:48.888595,52802.31236625916,3,12,2023,-0.025578896028522924,53578.13913449321,53158.58893517285,52568.23699419169
2023-12-15 11:54:48.888595,53215.03630472411,4,12,2023,0.007816398941056235,53481.17602176196,53190.307577642234,52626.59822364861
2023-12-16 11:54:48.888595,52193.804393861894,5,12,2023,-0.01919066455229612,53272.359649125785,53219.15741601271,52660.24338259013
2023-12-17 11:54:48.888595,54009.09918242375,6,12,2023,0.034779890250256296,53293.89445167378,53239.44382472979,52732.84678038657
2023-12-18 11:54:48.888595,54144.90460909279,0,12,2023,0.0025144916083554847,53443.97239635192,53344.18315723222,52853.906338243396
2023-12-19 11:54:48.888595,52309.386286407935,1,12,2023,-0.033900111856076776,53266.13353482042,53250.60484109835,52916.08049160436
2023-12-20 11:54:48.888595,53987.0618595903,2,12,2023,0.03207217083367486,53237.372143194276,53354.12622048394,52978.30320613407
2023-12-21 11:54:48.888595,54238.32424772356,3,12,2023,0.004654122292981011,53442.51669768919,53482.47234068309,53056.79509404803
2023-12-22 11:54:48.888595,52894.49164540418,4,12,2023,-0.024776440293060586,53396.72460350063,53469.27216471207,53079.84974196392
2023-12-23 11:54:48.888595,53303.26366112672,5,12,2023,0.007728063981839117,53555.21878453846,53429.90453586433,53125.64604959838
2023-12-24 11:54:48.888595,54048.346699294285,6,12,2023,0.013978187956827481,53560.82557266282,53456.09304899626,53210.270071302075
2023-12-25 11:54:48.888595,52282.24648491967,0,12,2023,-0.03267630412823852,53294.731554923805,53351.01911035172,53195.74536899703
2023-12-26 11:54:48.888595,53734.096458538814,1,12,2023,0.027769464229849383,53498.261579513935,53393.66827449793,53209.66189601986
2023-12-27 11:54:48.888595,52849.93442752329,2,12,2023,-0.01645439468211296,53335.81480350436,53346.71334852426,53189.188563525015
2023-12-28 11:54:48.888595,54123.51765246578,3,12,2023,0.024098104164898215,53319.413861324676,53342.38841862375,53257.06990542955
2023-12-29 11:54:48.888595,54524.51226463529,4,12,2023,0.007408879347871489,53552.27394978627,53457.20174518216,53307.8953401775
2023-12-30 11:54:48.888595,54314.11322090709,5,12,2023,-0.0038587973553440014,53696.68102975489,53530.47353959435,53360.39055861829
2023-12-31 11:54:48.888595,52919.838605158184,6,12,2023,-0.025670576818185298,53535.46558773545,53578.87582034744,53399.01661818008
2024-01-01 11:54:48.888595,50959.834194578434,0,1,2024,-0.03703723333707798,53346.549546258124,53375.59148782442,53307.5176562771
2024-01-02 11:54:48.888595,51316.22435638914,1,1,2024,0.006993550262544224,53001.139245951024,53187.01280431084,53265.59798077153
2024-01-03 11:54:48.888595,49999.98013084698,2,1,2024,-0.025649670100451938,52594.002917854414,53033.05239394012,53141.82861751923
2024-01-04 11:54:48.888595,50995.73364318177,3,1,2024,0.019915078160610333,52147.17663081384,52833.63051284621,53093.87836666508
2024-01-05 11:54:48.888595,49617.764639313435,4,1,2024,-0.027021260513869882,51446.2126843393,52525.593205618876,53004.032773150975
2024-01-06 11:54:48.888595,50559.38383661722,5,1,2024,0.018977461079690006,50909.822772297885,52369.91935169975,52919.5957582059
2024-01-07 11:54:48.888595,50096.87036035188,6,1,2024,-0.009147925492129283,50506.54159446841,52156.15979831475,52793.032167089536
2024-01-08 11:54:48.888595,49840.568222220114,0,1,2024,-0.005116130734079016,50346.646455560076,51875.64123317647,52665.86714108637
2024-01-09 11:54:48.888595,49551.36555387529,1,1,2024,-0.005802555602002379,50094.523769486674,51693.582504440186,52522.30080739596
2024-01-10 11:54:48.888595,50357.098621446145,2,1,2024,0.01626056231880857,50145.54069671512,51468.44931530067,52431.0587948993
2024-01-11 11:54:48.888595,49673.79063804793,3,1,2024,-0.013569248469513795,49956.69169598172,51256.70639600231,52301.70987226328
2024-01-12 11:54:48.888595,50177.54299565169,4,1,2024,0.010141210306948256,50036.66003260147,50993.64141888137,52168.01491875256
2024-01-13 11:54:48.888595,49371.3834804175,5,1,2024,-0.01606614168621312,49866.94569600151,50650.09949993352,52053.65062255784
2024-01-14 11:54:48.888595,49684.740129834754,6,1,2024,0.006346928672589236,49808.069948784774,50341.47462719537,51935.97408339486
2024-01-15 11:54:48.888595,50402.153482727204,0,1,2024,0.014439309756229424,49888.2964145715,50173.62895236663,51876.25238635704
2024-01-16 11:54:48.888595,51292.0760122464,1,1,2024,0.017656438624674475,50136.96933719595,50195.778406877835,51785.684947351125
2024-01-17 11:54:48.888595,50327.7098048185,2,1,2024,-0.01880146569223773,50132.77093482057,50129.877436773124,51658.445120541975
2024-01-18 11:54:48.888595,50859.285107442854,3,1,2024,0.010562278805968273,50302.12728759128,50187.16443521284,51610.108414576476
2024-01-19 11:54:48.888595,51381.512473239985,4,1,2024,0.010268083098177616,50474.12292724674,50212.8830238834,51523.2567683648
2024-01-20 11:54:48.888595,51064.80129931462,5,1,2024,-0.006163913023975565,50716.039758517756,50309.352134550136,51417.47267008451
2024-01-21 11:54:48.888595,50437.741900743684,6,1,2024,-0.012279679595646464,50823.61144007618,50301.242672158565,51335.58101192916
2024-01-22 11:54:48.888595,50292.10833899856,0,1,2024,-0.002887392580574244,50807.89070525779,50314.25853740168,51235.209167858215
2024-01-23 11:54:48.888595,51603.539265339234,1,1,2024,0.026076276570090373,50852.38545569964,50431.78994027629,51153.71558672639
2024-01-24 11:54:48.888595,49848.20317667107,2,1,2024,-0.034015808094914446,50783.88450882143,50451.57911512934,51072.58080978477
2024-01-25 11:54:48.888595,51426.68834496021,3,1,2024,0.031665838840663874,50864.94211418105,50522.88509669694,50995.667205998805
2024-01-26 11:54:48.888595,51125.96649032346,4,1,2024,-0.005847583507994303,50828.43554519297,50619.696820181984,50938.201608092146
2024-01-27 11:54:48.888595,51402.07927880711,5,1,2024,0.005400637042938028,50876.618113691904,50701.33257239234,50847.48699563686
2024-01-28 11:54:48.888595,51198.09853605552,6,1,2024,-0.003968336409996054,50985.24049016502,50823.11357610154,50736.60653801753
2024-01-29 11:54:48.888595,51698.286220187016,0,1,2024,0.009769653530770306,51186.123044620515,50957.34998212502,50649.412304660196
2024-01-30 11:54:48.888595,50603.91031678528,1,1,2024,-0.02116851415036669,51043.31890911281,50970.8004377289,50572.21469504777
2024-01-31 11:54:48.888595,51529.9564858412,2,1,2024,0.018299893491605213,51283.5693818514,50986.659135968555,50591.2187714232
2024-02-01 11:54:48.888595,51583.29125252434,3,2,2024,0.001035024485180669,51305.94122578913,51070.36456581562,50600.12100129437
2024-02-02 11:54:48.888595,51179.023336997794,4,2,2024,-0.007837187308337157,51313.520775314035,51091.68044778593,50639.422441499395
2024-02-03 11:54:48.888595,50859.93727018032,5,2,2024,-0.006234704103601052,51236.071916938774,51056.908767581954,50634.895895732676
2024-02-04 11:54:48.888595,51358.99728122239,6,2,2024,0.00981243858778158,51259.057451962624,51076.521833042476,50692.93698379631
2024-02-05 11:54:48.888595,51743.406583611286,0,2,2024,0.007484750924633854,51265.503218166086,51163.56614523366,50732.404408696115
2024-02-06 11:54:48.888595,51289.63791573415,1,2,2024,-0.008769593999264358,51363.464303730216,51230.068117016024,50772.16332720885
2024-02-07 11:54:48.888595,51180.49499692933,2,2,2024,-0.002127972105869347,51313.54123388566,51201.865165788695,50816.8275530325
2024-02-08 11:54:48.888595,50642.27071112688,3,2,2024,-0.010516199302776141,51179.109727971736,51254.80300141909,50853.19105827421
2024-02-09 11:54:48.888595,51347.760441713595,4,2,2024,0.013930847110133815,51203.21502864542,51249.541141202644,50886.21311894979
2024-02-10 11:54:48.888595,50373.84991684501,5,2,2024,-0.018966952336199827,51133.77397816895,51199.40003630409,50909.54842824303
2024-02-11 11:54:48.888595,50723.00427998126,6,2,2024,0.006931262226584245,51042.917835134496,51154.12836971569,50927.73047105402
2024-02-12 11:54:48.888595,51552.22838218328,0,2,2024,0.016348087302259673,51015.60666350193,51177.73702612421,51000.42530111288
2024-02-13 11:54:48.888595,50949.34423380963,1,2,2024,-0.011694628288503095,50966.993280369854,51127.80756036572,51042.57877124537
2024-02-14 11:54:48.888595,50678.559034186415,2,2,2024,-0.005314792637576726,50895.288142835154,51132.784141525786,51051.792289627345
2024-02-15 11:54:48.888595,50809.83562177598,3,2,2024,0.0025903772737698727,50919.2259872136,51084.77608392144,51035.717609945
2024-02-16 11:54:48.888595,50307.84201921534,4,2,2024,-0.009879850946526103,50770.666212570984,50999.74613503418,51035.05535042489
2024-02-17 11:54:48.888595,50225.19842733886,5,2,2024,-0.0016427576409442368,50749.43028549868,50936.15780772359,51013.919127754765
2024-02-18 11:54:48.888595,51670.17625710163,6,2,2024,0.02876997752140742,50884.74056794444,50990.173740185004,51023.541253883486
2024-02-19 11:54:48.888595,50241.174898926074,0,2,2024,-0.027656212184473672,50697.447213193416,50915.65224803192,50996.08704053719
2024-02-20 11:54:48.888595,50336.61180026868,1,2,2024,0.001899575428612188,50609.91400840185,50821.865929142405,50992.71603718803
2024-02-21 11:54:48.888595,50690.37448893241,2,2,2024,0.007027940022412027,50611.60193050843,50781.91503402229,51005.99157551916
2024-02-22 11:54:48.888595,49995.85209447947,3,2,2024,-0.013701267774310355,50495.31856946607,50702.93884052564,50952.40200315717
2024-02-23 11:54:48.888595,51673.69181793474,4,2,2024,0.033559578508324694,50690.43996928313,50771.70024764616,51013.25162453262
2024-02-24 11:54:48.888595,51025.29299442619,5,2,2024,-0.012547948495592154,50804.73919315274,50750.202417827,50999.871779514826
2024-02-25 11:54:48.888595,50319.51344983075,6,2,2024,-0.01383195476550303,50611.787363542615,50746.57998669271,50972.990011498405
2024-02-26 11:54:48.888595,50722.56194437733,0,2,2024,0.00800978520884188,50680.55694146423,50746.55049765245,50950.33943368408
2024-02-27 11:54:48.888595,51352.81429536615,1,2,2024,0.012425483390999803,50825.728726478155,50733.256225197976,50955.4966256611
2024-02-28 11:54:48.888595,51729.38769525865,2,2,2024,0.007333062560633152,50974.15918452475,50785.25912262791,50956.53334149681
2024-02-29 11:54:48.888595,51073.47627169822,3,2,2024,-0.012679667260406147,51128.10549555601,50811.58693846203,50972.18553999391
2024-03-01 11:54:48.888595,51404.11591359387,4,3,2024,0.006473803352188723,51089.59465207874,50851.20562458322,50967.99085425233
2024-03-02 11:54:48.888595,50932.28080116129,5,3,2024,-0.009178936434306229,51076.30719589804,50892.83487671296,50946.29050587357
2024-03-03 11:54:48.888595,51917.29490809169,6,3,2024,0.019339681856696656,51304.56168993532,51005.641308763144,50970.89955824336
2024-03-04 11:54:48.888595,50518.11502731188,0,3,2024,-0.026950169173042493,51275.3549874974,50928.837226777156,50959.50548348108
2024-03-05 11:54:48.888595,51260.98090545541,1,3,2024,0.014704940549383538,51262.235931795854,50996.824293879115,50956.23827095552
2024-03-06 11:54:48.888595,50672.70203571785,2,3,2024,-0.011476153193840988,51111.280837575745,51019.23030957573,50920.54811935907
2024-03-07 11:54:48.888595,51638.097663506036,3,3,2024,0.01905159166581849,51191.941036405435,51082.4118545473,50932.1634442848
2024-03-08 11:54:48.888595,51703.8800431796,4,3,2024,0.0012739117560491842,51234.7644834891,51196.280384460646,50949.60961249314
2024-03-09 11:54:48.888595,50647.80463585808,5,3,2024,-0.020425457556368154,51194.12503130294,51127.88790565554,50949.79407665085
2024-03-10 11:54:48.888595,50131.80896861585,6,3,2024,-0.010187917738035845,50939.055611377815,51068.322303934845,50909.26236088093
2024-03-11 11:54:48.888595,50434.39663171374,0,3,2024,0.006035841700572142,50927.09584057808,51075.981182727046,50911.28058470988
2024-03-12 11:54:48.888595,50568.238264239895,1,3,2024,0.002653776816316622,50828.13260611873,51065.69293738455,50906.1217175185
2024-03-13 11:54:48.888595,51587.46011292076,2,3,2024,0.020155375857766833,50958.812331433415,51081.33599188818,50907.29610854308
2024-03-14 11:54:48.888595,50792.288514180334,3,3,2024,-0.015414048239627554,50837.98245295832,51018.86271314963,50902.060917888775
2024-03-15 11:54:48.888595,50286.485840626054,4,3,2024,-0.009958257214834232,50635.49756687925,50966.396684411484,50888.99181143676
2024-03-16 11:54:48.888595,51741.612125272324,5,3,2024,0.02893672644491474,50791.7557796527,50988.896431856716,50920.051028219976
2024-03-17 11:54:48.888595,51602.15193395497,6,3,2024,-0.0026953197936644413,51001.80477470115,51033.55450737629,50963.19469204462
2024-03-18 11:54:48.888595,50967.79482607751,0,3,2024,-0.012293229722073806,51078.00451675312,50970.25450190868,50987.94790533591
2024-03-19 11:54:48.888595,51174.401331865905,1,3,2024,0.004053667742413003,51164.59924069969,51014.00692221229,50971.42207449472
2024-03-20 11:54:48.888595,49829.69753508161,2,3,2024,-0.026276883789297267,50913.49030100839,50918.58803085403,50957.70616236657
2024-03-21 11:54:48.888595,50391.10905735159,3,3,2024,0.011266605057651313,50856.17895003285,50899.81516562961,50959.522737602674
2024-03-22 11:54:48.888595,51935.72845409451,4,3,2024,0.030652617607303423,51091.7850376712,50919.657218335524,51001.03453644142
2024-03-23 11:54:48.888595,51757.24467537912,5,3,2024,-0.0034366280021113083,51094.01825911503,50923.21486048215,51059.7476224714
2024-03-24 11:54:48.888595,50679.1370796415,6,3,2024,-0.020830080938417428,50962.1589942131,50925.30369006771,51026.59579786162
2024-03-25 11:54:48.888595,51856.145965331634,0,3,2024,0.02322472231207251,51089.06629982084,51040.25948984876,51054.290896891805
2024-03-26 11:54:48.888595,50965.10000813937,1,3,2024,-0.017183034732044522,51059.16611071705,51075.639714943805,51075.81044883542
2024-03-27 11:54:48.888595,50941.48058121702,2,3,2024,-0.0004634431585256449,51217.99226016497,51100.52253607561,51083.10773673008
2024-03-28 11:54:48.888595,51450.185809923096,3,3,2024,0.009986070740426012,51369.28893910375,51091.37091587577,51086.35345388197
2024-03-29 11:54:48.888595,51995.10479387715,4,3,2024,0.010591195646352025,51377.77127335842,51171.55866785556,51095.210690502594
2024-03-30 11:54:48.888595,51341.020528294335,5,3,2024,-0.01257972780660388,51318.31068091773,51241.86098036678,51104.128832389135
2024-03-31 11:54:48.888595,50643.82557302392,6,3,2024,-0.013579686342350517,51313.266179972365,51168.67521021688,51078.7858210368
2024-04-01 11:54:48.888595,53926.45162550894,0,4,2024,0.06481789271135852,51609.02413142626,51323.62852298715,51178.59151518172
2024-04-02 11:54:48.888595,53174.43723015925,1,4,2024,-0.013945185946444894,51924.64373457195,51470.73801659259,51220.49625925064
2024-04-03 11:54:48.888595,52642.7053662031,2,4,2024,-0.009999764767694819,52167.67584671283,51568.624952215076,51291.31593721369
2024-04-04 11:54:48.888595,53701.209966852075,3,4,2024,0.020107336681988608,52489.25072627411,51826.725780999775,51372.6569059269
2024-04-05 11:54:48.888595,53780.56006463702,4,4,2024,0.0014776221584937854,52744.315764954095,52052.689181485475,51476.252173557536
2024-04-06 11:54:48.888595,54005.369345945146,5,4,2024,0.004180121609703047,53124.9370246185,52190.66524094217,51555.16122963885
2024-04-07 11:54:48.888595,54163.311218382776,6,4,2024,0.002924558693893742,53627.720688241185,52351.06967714243,51637.14226881229
2024-04-08 11:54:48.888595,53446.927453106655,0,4,2024,-0.01322636576607572,53559.21723504086,52535.58903537343,51730.44636272057
2024-04-09 11:54:48.888595,53339.520369379476,1,4,2024,-0.002009602587939474,53582.80054064375,52634.48066230996,51837.37007607936
2024-04-10 11:54:48.888595,52447.21363786946,2,4,2024,-0.01672881055792652,53554.8731508818,52733.2882376253,51904.463976284555
2024-04-11 11:54:48.888595,52625.60053658905,3,4,2024,0.003401265507664286,53401.21466084423,52845.56290131677,51973.04271869619
2024-04-12 11:54:48.888595,52670.128572220434,4,4,2024,0.0008461287886001312,53242.581590498994,52926.89241880326,52009.13166733951
2024-04-13 11:54:48.888595,52540.39088774325,5,4,2024,-0.002463211843109381,53033.29895361302,52963.24482506099,52067.40174645827
2024-04-14 11:54:48.888595,54082.582303439674,6,4,2024,0.029352492237666006,53021.76625147828,53146.01561007068,52193.93829521873
2024-04-15 11:54:48.888595,53734.177152634125,0,4,2024,-0.006442095328413888,53062.80192283935,53352.039048711355,52260.35712946412
2024-04-16 11:54:48.888595,52562.14032126346,1,4,2024,-0.021811757311207103,52951.747630251346,53261.084961761655,52292.3567423744
2024-04-17 11:54:48.888595,52628.17685942722,2,4,2024,0.001256351772590314,52977.59951904532,53224.667603712864,52347.70281015273
2024-04-18 11:54:48.888595,53697.09363708702,3,4,2024,0.020310731654545666,53130.6699619736,53294.960155105124,52431.7925536601
2024-04-19 11:54:48.888595,53366.84980411673,4,4,2024,-0.00615012490624256,53230.20156653021,53272.669477589436,52549.697629294606
2024-04-20 11:54:48.888595,53831.76228987273,5,4,2024,0.008711634422163828,53414.68319540586,53276.08295927182,52664.38607037864
2024-04-21 11:54:48.888595,52719.40728801823,6,4,2024,-0.02066354424484007,53219.943907488494,53190.352155410015,52690.5086981761
2024-04-22 11:54:48.888595,53416.35612691499,0,4,2024,0.013219967271050015,53174.54090381435,53140.55514931217,52745.81241322729
2024-04-23 11:54:48.888595,53641.14130353281,1,4,2024,0.0042081712965171825,53328.683901281394,53153.502739340576,52844.545887357
2024-04-24 11:54:48.888595,53650.42399780211,2,4,2024,0.00017305176667981037,53474.71920676351,53174.22964790208,52904.35515510602
2024-04-25 11:54:48.888595,53116.91426758092,3,4,2024,-0.009944184788605592,53391.836439691215,53218.87635654952,52976.08229708741
2024-04-26 11:54:48.888595,52786.68473153131,4,4,2024,-0.0062170316292480265,53308.95571503616,53229.615302879,53037.58910209788
2024-04-27 11:54:48.888595,52830.43782560415,5,4,2024,0.0008288661107505035,53165.90936299779,53240.30258643791,53083.59750262058
2024-04-28 11:54:48.888595,52626.569295093956,6,4,2024,-0.0038589218431840377,53152.64679258004,53246.047813594625,53104.64631932781
2024-04-29 11:54:48.888595,53892.1741533458,0,4,2024,0.024048781351396764,53220.62079635586,53233.3539369217,53189.68477349619
2024-04-30 11:54:48.888595,53431.00716699143,1,4,2024,-0.00855721621180383,53190.60163399281,53213.14260454553,53282.590826628446
2024-05-01 11:54:48.888595,53313.22734593102,2,5,2024,-0.0022043346608141556,53142.43068372551,53263.2150728567,53262.150017309184
2024-05-02 11:54:48.888595,53359.93854695651,3,5,2024,0.000876165322395428,53177.14843792202,53311.99918535865,53268.33339453575
2024-05-03 11:54:48.888595,53568.599271810956,4,5,2024,0.003910437877862716,53288.85051510483,53303.43289434024,53299.19652472268
2024-05-04 11:54:48.888595,53111.90260456554,5,5,2024,-0.008525454715141989,53329.05976924218,53286.43641437017,53279.5529459798
2024-05-05 11:54:48.888595,53296.66495512283,6,5,2024,0.0034787371850131255,53424.78772067487,53250.763258720166,53263.423108995994
2024-05-06 11:54:48.888595,52903.731449494226,0,5,2024,-0.00737257211045883,53283.58162012465,53263.05153615191,53226.70184578096
2024-05-07 11:54:48.888595,53241.75066415179,1,5,2024,0.0063893265256773635,53256.54497686184,53251.411171967695,53195.983160639924
2024-05-08 11:54:48.888595,53464.94886914935,2,5,2024,0.004192165024878625,53278.21948017874,53239.66500967546,53196.583874508025
2024-05-09 11:54:48.888595,53557.541459756765,3,5,2024,0.001731837260969371,53306.44846772164,53233.472840472445,53203.85124418726
2024-05-10 11:54:48.888595,52670.773583633774,4,5,2024,-0.016557292436384707,53178.18765512489,53203.730128209296,53211.30324237941
2024-05-11 11:54:48.888595,53309.767899358914,5,5,2024,0.012131857427734705,53206.454125809665,53238.6023393978,53234.1088211384
2024-05-12 11:54:48.888595,53328.41263902538,6,5,2024,0.0003497434035291125,53210.98950922432,53271.80066029255,53256.05162336523
2024-05-13 11:54:48.888595,52160.51439052196,0,5,2024,-0.02190011272994019,53104.815643656846,53240.73033332108,53243.38907345785
2024-05-14 11:54:48.888595,54222.52181957913,1,5,2024,0.03953196116163804,53244.9258087179,53262.753511069976,53248.053723995836
2024-05-15 11:54:48.888595,52662.970887310694,2,5,2024,-0.028762050895709157,53130.35752559809,53211.55109242459,53212.34684848506
2024-05-16 11:54:48.888595,53384.02142051522,3,5,2024,0.01369179370353879,53105.56894856358,53216.27069739687,53239.74288512678
2024-05-17 11:54:48.888595,54143.34563989973,4,5,2024,0.014223810780442658,53315.936385173,53268.49783692641,53290.248511142534
2024-05-18 11:54:48.888595,53155.87419070858,5,5,2024,-0.018238094405149896,53293.95156965153,53240.98283151959,53272.207862929914
2024-05-19 11:54:48.888595,54504.57506723435,6,5,2024,0.025372565065659547,53461.97477368138,53333.82766236418,53310.13203836718
2024-05-20 11:54:48.888595,54362.774563691884,0,5,2024,-0.0026016257051365566,53776.58336984851,53404.90163626879,53327.832447494475
2024-05-21 11:54:48.888595,53765.67769315835,1,5,2024,-0.010983561367604033,53711.319923216965,53462.36471917972,53362.708127665814
2024-05-22 11:54:48.888595,52803.26929947979,2,5,2024,-0.017900051389123095,53731.362553526844,53433.13262820159,53342.27190008465
2024-05-23 11:54:48.888595,53458.71632595219,3,5,2024,0.012413000845742372,53742.033254303555,53432.717125321775,53336.19106749862
2024-05-24 11:54:48.888595,54078.60607880443,4,5,2024,0.011595672239351984,53732.784745575664,53467.454766591625,53350.46380353203
2024-05-25 11:54:48.888595,54194.99719717401,5,5,2024,0.0021522581073922797,53881.230889356426,53569.06967416098,53386.399901185134
2024-05-26 11:54:48.888595,53161.02496504652,6,5,2024,-0.019078739470465456,53689.29516047245,53559.153478540145,53398.87790896898
2024-05-27 11:54:48.888595,52580.15787122231,0,5,2024,-0.010926559339405673,53434.635632976795,53509.26982735327,53390.53524382292
2024-05-28 11:54:48.888595,52945.606668557935,1,5,2024,0.006950317612789858,53317.48262946246,53561.60931255567,53401.16982293838
2024-05-29 11:54:48.888595,52887.74559059132,2,5,2024,-0.0010928400221915657,53329.550671049816,53472.62423062315,53367.68887084656
2024-05-30 11:54:48.888595,53695.411434285714,3,5,2024,0.015271322962914669,53363.36425795461,53541.45360042148,53376.50234642304
2024-05-31 11:54:48.888595,52490.630369395476,4,5,2024,-0.022437318808231743,53136.510585181895,53481.894197013506,53349.08244720519
2024-06-01 11:54:48.888595,50958.68879333655,5,6,2024,-0.029185048174847572,52674.180813205116,53269.58374057596,53269.04078875119
2024-06-02 11:54:48.888595,50649.73392042608,6,6,2024,-0.006062849736252818,52315.42494968791,53102.50772255713,53171.74527703836
2024-06-03 11:54:48.888595,51533.52803385992,0,6,2024,0.017449136353259842,52165.90640149329,52904.437920332166,53119.132791348165
2024-06-04 11:54:48.888595,49848.760814434936,1,6,2024,-0.03269264270666683,51723.499850904285,52603.5036703817,53004.20265332525
2024-06-05 11:54:48.888595,50249.50848953782,2,6,2024,0.008039270556688294,51346.608836468076,52369.09239014034,52915.728554660025
2024-06-06 11:54:48.888595,50919.04123595513,3,6,2024,0.013324165082265527,50949.98452242084,52243.47718590536,52838.304907053476
2024-06-07 11:54:48.888595,50125.55648350296,4,6,2024,-0.015583261844527185,50612.11682443619,52021.266529742075,52726.99182753193
2024-06-08 11:54:48.888595,51185.52004238192,5,6,2024,0.021146170401675546,50644.52128858554,51828.394127313906,52647.92444695277
2024-06-09 11:54:48.888595,50261.623780607646,6,6,2024,-0.01804995360034012,50589.07698289719,51566.16923287615,52567.61945351856
2024-06-10 11:54:48.888595,49695.57526650362,0,6,2024,-0.011262041922378674,50326.51230184629,51335.139252973284,52447.14636575672
2024-06-11 11:54:48.888595,49923.693510525176,1,6,2024,0.004590312976521904,50337.21697271632,51158.04162892681,52333.655728140046
2024-06-12 11:54:48.888595,50283.320448536266,2,6,2024,0.007203532285432246,50342.04725257324,50980.55588092537,52271.082596740525
2024-06-13 11:54:48.888595,49316.1332171428,3,6,2024,-0.01923475265288732,50113.06039274292,50742.44838936213,52107.53630999265
2024-06-14 11:54:48.888595,50216.493629027915,4,6,2024,0.018256914181019823,50126.051413532194,50510.52053567828,52025.98706804988
2024-06-15 11:54:48.888595,49826.11686839459,5,6,2024,-0.0077738753230605084,49931.850960105425,50332.886302278224,51907.39024964587
2024-06-16 11:54:48.888595,49733.762633017264,6,6,2024,-0.0018535306618666647,49856.44222473537,50251.22455825694,51760.404149416456
2024-06-17 11:54:48.888595,49448.94338666754,0,6,2024,-0.005726879111306982,49821.20909904451,50171.17185600637,51636.839789281745
2024-06-18 11:54:48.888595,51206.199274353174,1,6,2024,0.035536773231830576,50004.424208162796,50149.34993870592,51526.893929519036
2024-06-19 11:54:48.888595,51535.858764003315,2,6,2024,0.006437882411148843,50183.35825322952,50261.82313534381,51432.66340286275
2024-06-20 11:54:48.888595,51116.71548158201,3,6,2024,-0.008133041584514444,50440.58429100654,50319.63693481342,51344.36466247688
2024-06-21 11:54:48.888595,50781.08223092726,4,6,2024,-0.006566017544215708,50521.239805563586,50310.439667811566,51276.95842685846
2024-06-22 11:54:48.888595,49906.45856181282,5,6,2024,-0.017223415309210788,50532.71719033764,50295.83313969889,51158.54983472048
2024-06-23 11:54:48.888595,51069.70010411119,6,6,2024,0.02330843694023299,50723.565400493906,50288.111810480834,51058.252968897374
2024-06-24 11:54:48.888595,50145.8924192454,0,6,2024,-0.01808915429271185,50823.12954800502,50280.39638639002,50923.282809633085
2024-06-25 11:54:48.888595,49846.38398950966,1,6,2024,-0.005972741041912144,50628.87022159881,50290.45030125709,50812.79477711519
2024-06-26 11:54:48.888595,50337.729191688195,2,6,2024,0.0098571884829588,50457.708854125216,50318.05268000129,50738.04715446405
2024-06-27 11:54:48.888595,50726.667071394884,3,6,2024,0.007726567843884924,50401.987652669915,50347.6091215252,50664.08250122529
2024-06-28 11:54:48.888595,51549.35975484348,4,6,2024,0.01621814976116398,50511.741584657946,50496.490890705245,50619.46964003369
2024-06-29 11:54:48.888595,51474.93177263557,5,6,2024,-0.0014438197207854442,50735.80918620405,50580.386766945754,50545.45365131202
2024-06-30 11:54:48.888595,51185.26968857505,6,6,2024,-0.005627245614233334,50752.31912684174,50670.99695495779,50501.941628618006
2024-07-01 11:54:48.888595,50763.571649221936,0,7,2024,-0.008238660105120754,50840.55901683839,50739.65088937143,50495.43772381418
2024-07-02 11:54:48.888595,52134.3888441669,1,7,2024,0.027003954812662823,51167.416853218005,50918.68058653806,50544.92622127221
2024-07-03 11:54:48.888595,51179.63809902984,2,7,2024,-0.0183132624416269,51287.68955426681,50916.9098415165,50533.12989011121
2024-07-04 11:54:48.888595,50769.42499611093,3,7,2024,-0.008015162243335316,51293.79782922624,50865.81425699034,50563.81869616707
2024-07-05 11:54:48.888595,50705.666963417374,4,7,2024,-0.0012558352334783862,51173.27028759394,50838.41102244603,50579.023978629724
2024-07-06 11:54:48.888595,51700.587609149174,5,7,2024,0.019621488194792924,51205.506835667315,50899.71138099416,50605.07552440286
2024-07-07 11:54:48.888595,51242.67075117154,6,7,2024,-0.008857091943314743,51213.706987466816,50988.792193618065,50642.31266665847
2024-07-08 11:54:48.888595,50310.46626571351,0,7,2024,-0.018191957440795936,51148.97764696561,50938.17660439156,50613.1442074362
2024-07-09 11:54:48.888595,50182.27543578807,1,7,2024,-0.002547995266996894,50870.104302911495,50940.602138827744,50610.499262608886
2024-07-10 11:54:48.888595,51187.66626940812,2,7,2024,0.020034779708355765,50871.2511843941,51030.020957487635,50660.235629372364
2024-07-11 11:54:48.888595,51147.42269169311,3,7,2024,-0.0007861967666821235,50925.25085519156,51084.00052415464,50701.02660207797
2024-07-12 11:54:48.888595,50611.725332971415,4,7,2024,-0.010473594377389706,50911.8306222707,51076.33774159306,50711.973431559134
2024-07-13 11:54:48.888595,52073.0124472055,5,7,2024,0.02887250147313436,50965.034170564475,51111.24792108387,50803.869405894555
2024-07-14 11:54:48.888595,50999.2595021971,6,7,2024,-0.020620142652531093,50930.2611349967,51079.53643638796,50829.961601666866
2024-07-15 11:54:48.888595,51248.23799480138,0,7,2024,0.0048820021120807855,51064.22852486638,51083.734323469725,50877.36563921375
2024-07-16 11:54:48.888595,52122.576931497315,1,7,2024,0.017060858497898623,51341.41445282485,51174.33467562142,50956.99278249642
2024-07-17 11:54:48.888595,50823.161026297545,2,7,2024,-0.02493000119521227,51289.34227523762,51086.91948776346,51002.80003715076
2024-07-18 11:54:48.888595,51224.46672272793,3,7,2024,0.007896118390249951,51300.34856538545,51089.908062676666,51003.408952096586
2024-07-19 11:54:48.888595,51341.24506494496,4,7,2024,0.002279737588077646,51404.56566995311,51128.029400598934,50996.92182879464
2024-07-20 11:54:48.888595,50886.38647025602,5,7,2024,-0.00885951624495207,51235.04767324603,51140.07736772151,50989.24419508377
2024-07-21 11:54:48.888595,51577.10077392079,6,7,2024,0.013573655973164955,51317.59642634942,51131.84491203962,51015.77814651689
2024-07-22 11:54:48.888595,50515.955701164996,0,7,2024,-0.020573957373198226,51212.98467011565,51083.39724203919,51036.09471782863
2024-07-23 11:54:48.888595,50976.429991303026,1,7,2024,0.009115422716379662,51049.249392945036,51127.79482374515,51032.98571406836
2024-07-24 11:54:48.888595,49889.12696353141,2,7,2024,-0.021329524801111388,50915.81595540702,51108.251592261375,51024.426865544556
2024-07-25 11:54:48.888595,49928.60092936967,3,7,2024,0.0007912338467481739,50730.69227064155,51024.31390292548,51027.16743020656
2024-07-26 11:54:48.888595,49394.79388954942,4,7,2024,-0.010691407928201002,50452.627817013614,50907.47198278256,50995.736253468596
2024-07-27 11:54:48.888595,50573.80507952487,5,7,2024,0.023869138772231846,50407.97333262345,50904.94396588613,50990.64085373959
2024-07-28 11:54:48.888595,50593.40296193647,6,7,2024,0.0003875105379311794,50267.445073768555,50806.30333353486,50958.77562730936
2024-07-29 11:54:48.888595,51109.82997325077,0,7,2024,0.010207398219543196,50352.284255495084,50813.674698271774,50946.605567329876
2024-07-30 11:54:48.888595,51096.87902713617,1,7,2024,-0.00025339442767424725,50369.491260614115,50803.584100427426,50943.65921194858
2024-07-31 11:54:48.888595,51943.34232320808,2,7,2024,0.016565851225911032,50662.95059771078,50791.63512654148,50982.98490108144
2024-08-01 11:54:48.888595,53003.075735089646,3,8,2024,0.020401717804132913,51102.1612842422,50936.96277379428,51011.94113077887
2024-08-02 11:54:48.888595,53689.931440635904,4,8,2024,0.012958789580045815,51715.75236296885,51101.32708832148,51095.617575499076
2024-08-03 11:54:48.888595,53774.377661999075,5,8,2024,0.0015728502364831254,52172.97701760802,51263.53592812509,51195.782664362014
2024-08-04 11:54:48.888595,53343.01118107044,6,8,2024,-0.008021784717621605,52565.77819177001,51427.310908846055,51283.69413828379
2024-08-05 11:54:48.888595,53757.91639861064,0,8,2024,0.007778061424613458,52944.076252535706,51572.698617158705,51352.27176459916
2024-08-06 11:54:48.888595,53635.203722811784,1,8,2024,-0.002282690327671033,53306.69406620365,51780.648485268495,51432.022863653845
2024-08-07 11:54:48.888595,53555.152656874234,2,8,2024,-0.0014925097768110351,53536.95268529882,51952.56332963991,51540.17907669253
2024-08-08 11:54:48.888595,52385.33968655987,3,8,2024,-0.021843145099581962,53448.704678366,52118.97751117513,51613.61455171825
2024-08-09 11:54:48.888595,52028.18347837866,4,8,2024,-0.0068178656532190685,53211.312112329244,52258.949681109065,51641.63179201727
2024-08-10 11:54:48.888595,53668.02352239457,5,8,2024,0.03151830285786117,53196.11866381431,52543.83165663209,51725.651819707324
2024-08-11 11:54:48.888595,52969.34113837905,6,8,2024,-0.013018597260694209,53142.73722914412,52703.5340605557,51804.23901322091
2024-08-12 11:54:48.888595,53499.21788753569,0,8,2024,0.010003461205461583,53105.780298990554,52897.25505559564,51851.77919456525
2024-08-13 11:54:48.888595,52665.98871481165,1,8,2024,-0.015574604744234444,52967.32101213338,53000.9989716997,51907.336834985734
2024-08-14 11:54:48.888595,52538.24426171021,2,8,2024,-0.002425558813548001,52822.04838425281,53097.08998733797,51950.3370438827
2024-08-15 11:54:48.888595,52225.44695232631,3,8,2024,-0.005953706938240155,52799.206565076594,53115.89696261252,51953.766044577
2024-08-16 11:54:48.888595,53380.9392290139,4,8,2024,0.022125081624334797,52992.45738659591,53141.08786220747,52039.02531800088
2024-08-17 11:54:48.888595,53247.31506478821,5,8,2024,-0.0025032186798441547,52932.356178366426,53111.58010381762,52106.45359606955
2024-08-18 11:54:48.888595,52687.341232316314,6,8,2024,-0.01051647077022666,52892.070477500325,53039.11100850544,52151.32346831526
2024-08-19 11:54:48.888595,53363.92104937347,0,8,2024,0.012841411261841573,52872.742357762865,53040.504999725636,52233.907954285845
2024-08-20 11:54:48.888595,52801.51057165508,1,8,2024,-0.010539152046155631,52892.10262302622,52976.744611261944,52274.72161421032
2024-08-21 11:54:48.888595,53400.71078435416,2,8,2024,0.011348164213709877,53015.312126261066,52961.111748698095,52370.880116983295
2024-08-22 11:54:48.888595,52673.507092135624,3,8,2024,-0.013617865409229712,53079.32071766239,52902.33537771552,52427.44935367771
2024-08-23 11:54:48.888595,53007.219480482505,4,8,2024,0.0063354883084423275,53025.932182157914,52943.794030643694,52531.385770909415
2024-08-24 11:54:48.888595,52656.325080404706,5,8,2024,-0.006619747338511117,52941.505041531695,52985.67013744543,52622.309909277246
2024-08-25 11:54:48.888595,52572.93420824677,6,8,2024,-0.0015836819609154063,52925.16118095034,52912.664183168905,52728.247919900496
2024-08-26 11:54:48.888595,52202.94359613183,0,8,2024,-0.007037663346872947,52759.307259058674,52861.57101368576,52782.55253712073
2024-08-27 11:54:48.888595,52401.2833864313,1,8,2024,0.0037993985901241256,52702.13194688384,52788.3753802788,52842.81521793722
2024-08-28 11:54:48.888595,53247.164857055206,2,8,2024,0.016142380796019484,52680.196814412564,52827.120456428376,52914.05971406403
2024-08-29 11:54:48.888595,53348.22016978619,3,8,2024,0.001897853397495819,52776.58439693408,52881.1188503001,52989.104418819035
2024-08-30 11:54:48.888595,53507.33064536444,4,8,2024,0.0029824889203775573,52848.028849060065,52966.57776316931,53041.23736289092
2024-08-31 11:54:48.888595,53356.879426925414,5,8,2024,-0.0028117870322514893,52948.108041420164,52964.97377636341,53053.03081928544
2024-09-01 11:54:48.888595,54069.784149135914,6,9,2024,0.013361064774915388,53161.94374726147,53019.80504865326,53065.69257623544
2024-09-02 11:54:48.888595,54395.99240279394,0,9,2024,0.006033097020662792,53475.236433927486,53133.7151266851,53086.41306759526
2024-09-03 11:54:48.888595,54385.197236381806,1,9,2024,-0.0001984551790543687,53758.65269820613,53201.80020581899,53121.152602772316
2024-09-04 11:54:48.888595,52758.96538543853,2,9,2024,-0.02990210449867381,53688.9099165466,53198.96386007122,53087.85423566658
2024-09-05 11:54:48.888595,53755.836532660935,3,9,2024,0.01889481986501451,53747.14082552871,53222.63890995834,53091.87532932821
2024-09-06 11:54:48.888595,53393.11078707432,4,9,2024,-0.006747653259311259,53730.82370291584,53270.61248962092,53086.47393366822
2024-09-07 11:54:48.888595,53259.65153047665,5,9,2024,-0.0024995594868014726,53716.93400342315,53287.44129295387,53115.61766179879
2024-09-08 11:54:48.888595,54380.24100158634,6,9,2024,0.021040120220622516,53761.28498234465,53402.36902103264,53194.01957923904
2024-09-09 11:54:48.888595,53187.36829978266,0,9,2024,-0.021935774462067625,53588.624396200175,53443.33129380169,53177.997738485305
2024-09-10 11:54:48.888595,53754.25346736012,1,9,2024,0.010658266909960412,53498.489572054226,53546.75195188358,53204.16148278467
2024-09-11 11:54:48.888595,54105.86412158663,2,9,2024,0.006541075943692798,53690.90367721824,53660.39066756061,53224.383023919705
2024-09-12 11:54:48.888595,54692.17711955801,3,9,2024,0.010836403918322413,53824.666618203526,53756.72481839413,53291.922637411255
2024-09-13 11:54:48.888595,54704.77280117189,4,9,2024,0.00023030133882473436,54012.04690593176,53847.161660486505,53364.14025539331
2024-09-14 11:54:48.888595,53330.444591448075,5,9,2024,-0.025122638105433692,54022.16020035625,53835.36925689208,53400.97351003069
2024-09-15 11:54:48.888595,54011.12314284966,6,9,2024,0.01276341415519977,53969.429077679575,53878.98550462037,53421.97964049189
2024-09-16 11:54:48.888595,54664.125000076434,0,9,2024,0.012090136609448132,54180.394320578685,53918.608228016405,53469.20663833483
2024-09-17 11:54:48.888595,54003.228203775085,1,9,2024,-0.012090137659761746,54215.962140066535,53892.423948081814,53513.06953738346
2024-09-18 11:54:48.888595,54607.651845549066,2,9,2024,0.011192361306499254,54287.646100632606,53907.25425535963,53554.52723058931
2024-09-19 11:54:48.888595,54565.524148172444,3,9,2024,-0.0007714614335693204,54269.55281900609,54027.69150620855,53613.32768313989
2024-09-20 11:54:48.888595,54651.34794728406,4,9,2024,0.0015728575955500368,54261.92069702211,54087.39226718342,53655.01558857088
2024-09-21 11:54:48.888595,54919.600371195746,5,9,2024,0.004908431978117633,54488.94295127178,54189.15823945819,53729.88536453956
2024-09-22 11:54:48.888595,54626.259679295625,6,9,2024,-0.005341275062408779,54576.8195993355,54280.265449379454,53783.85337116665
2024-09-23 11:54:48.888595,55091.336615115724,0,9,2024,0.008513797916066546,54637.84983005539,54327.67182361475,53865.0204223237
2024-09-24 11:54:48.888595,55117.83225726701,1,9,2024,0.0004809402671854812,54797.07898055424,54456.36942078037,53949.850357291034
2024-09-25 11:54:48.888595,55073.460178073765,2,9,2024,-0.0008050403540207363,54863.62302805776,54544.31653482794,54045.53424335577
2024-09-26 11:54:48.888595,54610.62504276437,3,9,2024,-0.00840395961708007,54870.06601299947,54577.967262906466,54119.178965233536
2024-09-27 11:54:48.888595,54164.74895944077,4,9,2024,-0.00816463981092408,54800.551871879004,54542.80538556531,54149.76510197972
2024-09-28 11:54:48.888595,54509.101800485325,5,9,2024,0.00635750829939985,54741.90921892037,54529.76065218621,54188.46115633636
2024-09-29 11:54:48.888595,55315.64307186006,6,9,2024,0.014796451321594795,54840.392560715285,54662.10721754701,54248.73823721954
2024-09-30 11:54:48.888595,54868.56693486948,0,9,2024,-0.008082273153903086,54808.56832068011,54719.270137015,54299.12782081768
2024-10-01 11:54:48.888595,55027.185781287175,1,10,2024,0.0028908873564346127,54795.61882411157,54743.47418909571,54331.04120855605
2024-10-02 11:54:48.888595,56216.412127210984,2,10,2024,0.021611614859799344,54958.897673988315,54891.01978399143,54391.72186603663
2024-10-03 11:54:48.888595,54843.32650295668,3,10,2024,-0.024424995696046392,54992.14073973007,54906.73142781862,54406.99284158912
2024-10-04 11:54:48.888595,56188.51338074166,4,10,2024,0.02452781338331933,55281.24994277306,55014.930709989894,54521.311108099224
2024-10-05 11:54:48.888595,56349.270865269864,5,10,2024,0.0028610382239318,55544.13123774227,55128.12557118895,54607.75891918619
2024-10-06 11:54:48.888595,56777.53542265413,6,10,2024,0.0076001792180815375,55752.97300214142,55251.98790795284,54720.57307370552
2024-10-07 11:54:48.888595,57098.1682113607,0,10,2024,0.005647176939255427,56071.4874702116,55416.78181009051,54848.523629734984
2024-10-08 11:54:48.888595,56991.74258516597,1,10,2024,-0.001863906137947735,56352.13844219428,55543.47554142719,54935.573682520975
2024-10-09 11:54:48.888595,55716.31140523313,2,10,2024,-0.02237922762278932,56280.69548191173,55583.3741512916,55019.87178603598
2024-10-10 11:54:48.888595,57195.970223839846,3,10,2024,0.02655701322086701,56616.787442037894,55724.87482100935,55134.595677918645
2024-10-11 11:54:48.888595,56253.49451514917,4,10,2024,-0.01647800894017959,56626.070461238975,55834.39945250166,55206.18335770406
2024-10-12 11:54:48.888595,57676.60330051853,5,10,2024,0.025298140100187272,56815.68938056021,56068.523075240184,55305.66423040275
2024-10-13 11:54:48.888595,57152.66852078257,6,10,2024,-0.009084008935235754,56869.279823149984,56244.76085659333,55387.260754389776
2024-10-14 11:54:48.888595,57923.11034402976,0,10,2024,0.013480417331117822,56987.128699245564,56418.59200807132,55540.34961280916
2024-10-15 11:54:48.888595,56742.428994574155,1,10,2024,-0.020383597193642355,56951.51247201817,56543.51614538496,55631.39314119997
2024-10-16 11:54:48.888595,56899.41485651243,2,10,2024,0.0027666397917736063,57120.52725077235,56668.33141706664,55705.90280308118
2024-10-17 11:54:48.888595,57034.93906876894,3,10,2024,0.0023818208429431387,57097.52280004794,56722.89987983717,55806.959831914304
2024-10-18 11:54:48.888595,57853.432827641525,4,10,2024,0.014350743110038255,57326.085416118265,56923.573634816166,55915.15253131739
2024-10-19 11:54:48.888595,56515.5955109369,5,10,2024,-0.023124596956767385,57160.22716046375,56945.3791101625,55980.1549100762
2024-10-20 11:54:48.888595,56026.79657255215,6,10,2024,-0.008648921310404623,56999.38831071655,56923.88082398133,56026.00319758514
2024-10-21 11:54:48.888595,56961.168687113095,0,10,2024,0.016677236103459503,56861.96807401418,56936.12304161193,56094.055474782384
2024-10-22 11:54:48.888595,56436.496155844536,1,10,2024,-0.009211056292587338,56818.26338276709,56892.011571244184,56154.39669066735
2024-10-23 11:54:48.888595,57688.34704627246,2,10,2024,0.022181584182175973,56930.967981304224,56938.45186865128,56240.963705039234
2024-10-24 11:54:48.888595,56478.989125751534,3,10,2024,-0.020963643134910503,56851.54656087317,56989.29705001917,56286.335600655395
2024-10-25 11:54:48.888595,58436.32677824706,4,10,2024,0.034656031965045964,56934.81712524539,57071.987486979655,56398.431153994505
2024-10-26 11:54:48.888595,57272.6613709242,5,10,2024,-0.019913390719076274,57042.969390957864,57139.93194403132,56487.16569826649
2024-10-27 11:54:48.888595,56924.92969948773,6,10,2024,-0.006071512360572906,57171.274123377225,57089.82037062927,56579.17172293473
2024-10-28 11:54:48.888595,58141.52056708479,0,10,2024,0.021371846641174086,57339.895820516045,57155.743840382755,56700.252348488044
2024-10-29 11:54:48.888595,57768.29246697899,1,10,2024,-0.0064193040784883415,57530.15243639239,57145.42264857936,56782.00732832534
2024-10-30 11:54:48.888595,57537.525374011806,2,10,2024,-0.003994701645354981,57508.60648321231,57198.42907387521,56870.97260963008
2024-10-31 11:54:48.888595,56802.52941567293,3,10,2024,-0.012774201767649429,57554.82652462965,57191.970044485905,56930.15073077627
2024-11-01 11:54:48.888595,57219.412595382775,4,11,2024,0.007339165773044165,57380.981641363316,57204.2682795935,56963.584079715336
2024-11-02 11:54:48.888595,56475.64849139205,5,11,2024,-0.012998457520878914,57267.12265857301,57112.415990510206,57017.99481266318
2024-11-03 11:54:48.888595,57774.07543364575,6,11,2024,0.022990916916192594,57388.42919202416,57196.31465202412,57070.84688109332
2024-11-04 11:54:48.888595,58040.072155747876,0,11,2024,0.004604084446277801,57373.93656183316,57330.53302423717,57127.20692410925
2024-11-05 11:54:48.888595,57444.31176330251,1,11,2024,-0.010264639072926518,57327.653604165105,57362.7425626498,57149.43280213086
2024-11-06 11:54:48.888595,57182.057465733444,2,11,2024,-0.004565365821592171,57276.872474411044,57412.446649975725,57152.22911060995
2024-11-07 11:54:48.888595,58550.36300222938,3,11,2024,0.023928931506459028,57526.56298677625,57469.91438037285,57204.18312451207
2024-11-08 11:54:48.888595,57021.70661973528,4,11,2024,-0.02610840145322224,57498.319275969465,57506.09554663844,57247.69629832881
2024-11-09 11:54:48.888595,56828.52800348934,5,11,2024,-0.0033878083925865665,57548.73063484051,57398.9089616546,57235.44822431713
2024-11-10 11:54:48.888595,57242.877580943095,6,11,2024,0.007291224883184011,57472.84522731156,57396.92337565585,57268.42765984359
2024-11-11 11:54:48.888595,57525.969350918065,0,11,2024,0.0049454496688199345,57399.401969478735,57436.992685751204,57263.40652819024
2024-11-12 11:54:48.888595,58456.88402408679,1,11,2024,0.016182511719011305,57544.05514959077,57458.016916218,57306.880378300375
2024-11-13 11:54:48.888595,57986.81560859954,2,11,2024,-0.00804128415899752,57659.02059857164,57472.585125659374,57309.00388711937
2024-11-14 11:54:48.888595,57789.12320971515,3,11,2024,-0.003409264620060859,57550.2720567839,57489.35831470626,57343.89369429074
2024-11-15 11:54:48.888595,57535.028051348716,4,11,2024,-0.00439693742098024,57623.60368987153,57538.191557084654,57365.08080078528
2024-11-16 11:54:48.888595,57658.69218738817,5,11,2024,0.002149371265259381,57742.19857328565,57567.47686321835,57385.872571405926
2024-11-17 11:54:48.888595,57491.227759026035,6,11,2024,-0.0029044090666831,57777.67717015464,57635.182147727275,57373.79906911874
2024-11-18 11:54:48.888595,59096.54548857587,0,11,2024,0.027922829136272975,58002.04518982004,57723.34681805595,57459.830735040036
2024-11-19 11:54:48.888595,57018.445809071,1,11,2024,-0.03516448655880555,57796.55401624635,57655.23839494416,57492.885709590664
2024-11-20 11:54:48.888595,58824.22083117496,2,11,2024,0.0316700147904887,57916.18333375714,57747.23233280233,57554.98744772606
2024-11-21 11:54:48.888595,58538.65988188848,3,11,2024,-0.004854479077691987,58023.26000121046,57837.67249387933,57625.05957192752
2024-11-22 11:54:48.888595,58220.829089561346,4,11,2024,-0.005429416952291266,58121.23157809798,57815.70356636812,57642.80897337049
2024-11-23 11:54:48.888595,58928.914808949165,5,11,2024,0.012162068635239942,58302.6919526067,57942.850778982385,57724.47316281041
2024-11-24 11:54:48.888595,58269.46075575571,6,11,2024,-0.01119067023941378,58413.86809499665,58038.912962466806,57718.9109620607
2024-11-25 11:54:48.888595,59026.09770124656,0,11,2024,0.01298513725161099,58403.80412537818,58157.79430382037,57777.3588397381
2024-11-26 11:54:48.888595,59080.77784193773,1,11,2024,0.0009263722797316909,58698.422987216276,58261.44820322168,57849.22044448644
2024-11-27 11:54:48.888595,57975.45349307292,2,11,2024,-0.01870869662247754,58577.17051034456,58229.35283448743,57843.68487535272
2024-11-28 11:54:48.888595,57768.236662358846,3,11,2024,-0.0035742166422007005,58467.11005041176,58214.78090473804,57843.68301519871
2024-11-29 11:54:48.888595,58060.32216156007,4,11,2024,0.005056160895275275,58444.18048926872,58232.86083486104,57861.10957478366
2024-11-30 11:54:48.888595,58795.12255649268,5,11,2024,0.012655809812559093,58425.067310346356,58316.867135203975,57927.529346144314
2024-12-01 11:54:48.888595,57534.76251341346,6,12,2024,-0.021436472759593594,58320.11041858319,58308.60515693899,57938.04101007866
2024-12-02 11:54:48.888595,58482.93484388228,0,12,2024,0.01647999034058345,58242.515724674,58374.71896259607,58004.950555161675
2024-12-03 11:54:48.888595,58605.853441895364,1,12,2024,0.002101785731875694,58174.6693818108,58342.006159484044,58032.67648876999
2024-12-04 11:54:48.888595,58951.72845997882,2,12,2024,0.005901714551881154,58314.13723422593,58470.89166954455,58063.065032244354
2024-12-05 11:54:48.888595,58025.779393605415,3,12,2024,-0.01570690275861908,58350.929052975436,58417.66224037325,58082.44728658778
2024-12-06 11:54:48.888595,59521.65927231028,4,12,2024,0.025779574084785484,58559.69149736832,58483.19553306804,58160.434013473685
2024-12-07 11:54:48.888595,59694.78960032591,5,12,2024,0.0029086945850007595,58688.21536077307,58581.45956711901,58198.58156674357
2024-12-08 11:54:48.888595,57935.604009454735,6,12,2024,-0.029469667330255023,58745.47843163612,58515.238847152716,58229.04481306754
2024-12-09 11:54:48.888595,57904.171426887515,0,12,2024,-0.0005425434515551331,58662.797943494006,58490.886225228176,58264.89959384748
2024-12-10 11:54:48.888595,59450.157043552004,1,12,2024,0.026699037022168914,58783.41274373066,58519.15684804854,58338.47557593445
2024-12-11 11:54:48.888595,57979.533823343234,2,12,2024,-0.024737078812616442,58644.52779563987,58445.740580142236,58353.59439168196
2024-12-12 11:54:48.888595,59292.90076987598,3,12,2024,0.022652250887949865,58825.5451351071,58533.57039859577,58381.4616165416
2024-12-13 11:54:48.888595,58402.25078341317,4,12,2024,-0.015021190984053079,58665.62963669322,58575.838006666054,58395.30945570205
2024-12-14 11:54:48.888595,58062.45600514021,5,12,2024,-0.005818179500189147,58432.43912309526,58575.98026290473,58404.42054888289
2024-12-15 11:54:48.888595,59620.76006860178,6,12,2024,0.02683841109517693,58673.17570297342,58631.022763712004,58473.94494945799
2024-12-16 11:54:48.888595,59126.617715253175,0,12,2024,-0.008288092147433757,58847.81088702565,58737.14644383465,58522.87580038681
2024-12-17 11:54:48.888595,59184.393630903585,1,12,2024,0.0009771557698201594,58809.84468521874,58783.910362969415,58579.31466278274
2024-12-18 11:54:48.888595,58874.42751393836,2,12,2024,-0.0052372947993399865,58937.68664101804,58801.815301105606,58571.91073029483
2024-12-19 11:54:48.888595,59203.32362317413,3,12,2024,0.005586400125214164,58924.889905774915,58818.5883119853,58644.73999076492
2024-12-20 11:54:48.888595,58530.780571195515,4,12,2024,-0.011359886756684756,58943.25130402954,58852.25505715797,58634.95864876561
2024-12-21 11:54:48.888595,58885.90588181967,5,12,2024,0.006067325724320227,59060.88700069803,58809.87149779193,58646.53351542999
2024-12-22 11:54:48.888595,60413.70784908708,6,12,2024,0.025945121237221258,59174.16525505307,58857.79938104268,58719.629474080844
2024-12-23 11:54:48.888595,58557.89228115745,0,12,2024,-0.030718451722338225,59092.91876446798,58899.28526582286,58707.26205648778
2024-12-24 11:54:48.888595,59494.30578634992,1,12,2024,0.01599124334421753,59137.191929531735,59005.29422312035,58748.090224174266
2024-12-25 11:54:48.888595,59141.4677629931,2,12,2024,-0.0059306183792428024,59175.34053653955,58984.71493774976,58751.93589289915
2024-12-26 11:54:48.888595,60234.59098507068,3,12,2024,0.018483193999483172,59322.66444538191,59135.052081864924,58790.39633100358
2024-12-27 11:54:48.888595,59854.27175362541,4,12,2024,-0.006313967194357284,59511.734614300476,59172.476814114874,58853.023606355324
2024-12-28 11:54:48.888595,61477.110358539176,5,12,2024,0.02711316264265573,59881.90668240327,59377.46745245662,58976.65272956134
2024-12-29 11:54:48.888595,60014.816440883566,6,12,2024,-0.023785989763139503,59824.92219551704,59507.62481483952,59041.80253887212
2024-12-30 11:54:48.888595,59565.18369890526,0,12,2024,-0.0074920289462387935,59968.820969481014,59503.91972352641,59067.471243619206
2024-12-31 11:54:48.888595,58740.327043110985,1,12,2024,-0.013847966287887647,59861.10972044688,59478.16701205027,59107.656727942456
2025-01-01 11:54:48.888595,56021.19572019796,2,1,2025,-0.046290707930811914,59415.35657147615,59267.287151336546,59025.598757152984
2025-01-02 11:54:48.888595,56456.05711613784,3,1,2025,0.0077624440240766646,58875.56601877146,59106.062458149856,58953.938879627734
2025-01-03 11:54:48.888595,56657.59673198029,4,1,2025,0.0035698492976201646,58418.898158536445,58936.347332070254,58877.46782202778
2025-01-04 11:54:48.888595,57303.15841489276,5,1,2025,0.011394088703873484,57822.61930944409,58854.505854983414,58853.38045607069
2025-01-05 11:54:48.888595,56785.60578713964,6,1,2025,-0.009031834231646996,57361.30350176639,58714.48584867141,58762.17867323167
2025-01-06 11:54:48.888595,56426.46185936304,0,1,2025,-0.0063245592399392425,56912.91466754607,58448.66944935647,58653.23441519958
2025-01-07 11:54:48.888595,57645.41003143582,1,1,2025,0.021602420777522502,56756.49795159248,58387.83729937502,58643.56128259895
2025-01-08 11:54:48.888595,57642.291811673655,2,1,2025,-5.4093114446929214e-05,56988.08310751758,58264.369701063275,58634.83196209182
2025-01-09 11:54:48.888595,57396.53299791922,3,1,2025,-0.004263515658908368,57122.43680491491,58148.04071672502,58566.37782723739
2025-01-10 11:54:48.888595,57500.51827814869,4,1,2025,0.0018116996758887893,57242.854168653255,57965.76920293022,58550.41064239757
2025-01-11 11:54:48.888595,57290.55239948072,5,1,2025,-0.003651547585228565,57241.05330930868,57794.85457932058,58483.66569671772
2025-01-12 11:54:48.888595,58310.51147238316,6,1,2025,0.01780326825600098,57458.89697862918,57583.747986910166,58480.6077196834
2025-01-13 11:54:48.888595,58202.17794992351,0,1,2025,-0.0018578729584793896,57712.570705852115,57462.90542084617,58485.26511784284
2025-01-14 11:54:48.888595,57236.10329577775,1,1,2025,-0.016598599711800555,57654.09831504382,57307.63339397101,58405.7765587487
2025-01-15 11:54:48.888595,57821.1046820472,2,1,2025,0.010220845805074319,57679.643010811466,57246.351903233415,58362.25945764184
2025-01-16 11:54:48.888595,58135.66721745841,3,1,2025,0.005440271975794442,57785.23361360277,57387.316669717446,58327.301910527
2025-01-17 11:54:48.888595,57811.151846910965,4,1,2025,-0.005582035711976685,57829.60983771167,57477.65631843565,58291.85938829275
2025-01-18 11:54:48.888595,57846.30431167647,5,1,2025,0.0006080568133046693,57909.00296802535,57556.9034904154,58246.62541124283
2025-01-19 11:54:48.888595,56999.46984503513,6,1,2025,-0.014639387541139803,57721.71130697564,57536.65758575823,58195.581720370814
2025-01-20 11:54:48.888595,57501.67463890101,0,1,2025,0.008810692366634676,57621.63940540098,57584.39550920898,58149.44067894019
2025-01-21 11:54:48.888595,58064.717652823056,1,1,2025,0.00979176723909081,57740.01288497889,57693.61256210632,58071.1410057314
2025-01-22 11:54:48.888595,57594.69768244222,2,1,2025,-0.008094760284397595,57707.669027892465,57690.23173884008,58039.034519107554
2025-01-23 11:54:48.888595,58517.30571166118,3,1,2025,0.016018975119999945,57762.18881277858,57748.56599883924,58006.46784995126
2025-01-24 11:54:48.888595,58891.208614668045,4,1,2025,0.006389612413962409,57916.48263674387,57848.21103995583,57998.12587834043
2025-01-25 11:54:48.888595,56993.156180326034,5,1,2025,-0.0322298094909409,57794.60433226525,57814.386900100995,57890.07805151561
2025-01-26 11:54:48.888595,56977.5702277754,6,1,2025,-0.00027347059884375025,57791.47581551385,57793.52142198731,57794.18800065394
2025-01-27 11:54:48.888595,58133.97665951857,0,1,2025,0.020295818637409146,57881.80467560208,57781.752434463,57682.75021068658
2025-01-28 11:54:48.888595,58781.12395624047,1,1,2025,0.011131997738811794,57984.14843323313,57820.34883488413,57641.62712786514
2025-01-29 11:54:48.888595,57823.70313465347,2,1,2025,-0.01628789579286971,58016.86349783475,57859.52215747584,57583.577775723425
2025-01-30 11:54:48.888595,58084.450100005655,3,1,2025,0.004509343940580557,57955.02698188396,57877.07851867307,57561.71521095325
2025-01-31 11:54:48.888595,58041.61698124996,4,1,2025,-0.0007374283251705416,57833.65674853851,57870.808502925844,57629.06258632165
2025-02-01 11:54:48.888595,58589.77929202896,5,2,2025,0.009444297717551287,58061.745764496074,57922.716999267046,57700.186658851344
2025-02-02 11:54:48.888595,60309.07904499595,6,2,2025,0.02934470437919723,58537.67559552758,58086.90198148834,57821.90273595187
2025-02-03 11:54:48.888595,59899.10991878347,0,2,2025,-0.006797801138807125,58789.837489708276,58280.21131973823,57908.43445274823
2025-02-04 11:54:48.888595,58343.10623155851,1,2,2025,-0.02597707527431925,58727.26352903942,58336.30675924873,57960.351134228855
2025-02-05 11:54:48.888595,59150.89046577348,2,2,2025,0.013845410133100478,58916.86171919942,58408.718280112094,58051.1654211092
2025-02-06 11:54:48.888595,59163.24656559305,3,2,2025,0.00020889118865796696,59070.97549999762,58513.28820565549,58101.759972247775
2025-02-07 11:54:48.888595,59062.007421935676,4,2,2025,-0.001711183032275465,59216.745562952725,58549.601653007114,58149.083825923175
2025-02-08 11:54:48.888595,58558.415993848204,5,2,2025,-0.008526486824090518,59212.26509178405,58527.415478285795,58187.81325912081
2025-02-09 11:54:48.888595,58348.62811131905,6,2,2025,-0.003582540254353783,58932.200672687344,58617.78027368533,58216.08358689316
2025-02-10 11:54:48.888595,58262.02363137352,0,2,2025,-0.001484259060560933,58698.33120305736,58703.41050059187,58248.465961289585
2025-02-11 11:54:48.888595,58433.64531038792,1,2,2025,0.002945686886886234,58711.26535717584,58723.38841064982,58252.570422556404
2025-02-12 11:54:48.888595,57656.418246626316,2,2,2025,-0.013301019637455891,58497.76932586911,58648.40803000888,58234.3784324465
2025-02-13 11:54:48.888595,57533.51057030048,3,2,2025,-0.0021317258349294876,58264.94989797017,58629.06185905201,58244.292008263925
2025-02-14 11:54:48.888595,57988.203532835716,4,2,2025,0.007903097829909722,58111.54934238446,58622.64542124069,58249.86196995688
2025-02-15 11:54:48.888595,59035.524400722104,5,2,2025,0.018060929707769624,58179.70768622358,58688.90591587216,58279.857209399
2025-02-16 11:54:48.888595,58027.54952746837,6,2,2025,-0.017074039461592472,58133.83931710206,58651.42393156812,58287.07046541758
2025-02-17 11:54:48.888595,58966.019453136665,0,2,2025,0.016172833995411917,58234.4101487825,58561.88662544417,58324.39430346626
2025-02-18 11:54:48.888595,59882.73333781535,1,2,2025,0.015546477330172337,58441.42272412928,58560.79485337962,58420.50308655893
2025-02-19 11:54:48.888595,58390.667311824,2,2,2025,-0.02491646494448052,58546.31544772896,58563.96559206399,58450.13617565636
2025-02-20 11:54:48.888595,59083.47238294552,3,2,2025,0.011864996634166403,58767.738563821105,58559.4710532088,58484.094666660436
2025-02-21 11:54:48.888595,58774.44568421861,4,2,2025,-0.005230340842595882,58880.05887116152,58533.550994450496,58523.41960005299
2025-02-22 11:54:48.888595,59868.691247132374,5,2,2025,0.018617709621506107,58999.08270636299,58587.32991613028,58568.465784568696
2025-02-23 11:54:48.888595,58867.38448739312,6,2,2025,-0.016725048416474486,59119.059129209374,58607.927815699935,58567.67164699287
2025-02-24 11:54:48.888595,59458.03591647779,0,2,2025,0.01003359388612135,59189.347195400966,58681.88833604385,58649.83430486459
2025-02-25 11:54:48.888595,59863.30836802547,1,2,2025,0.006816108963252354,59186.5721997167,58788.64065182065,58746.02557620626
2025-02-26 11:54:48.888595,59688.33618514544,2,2,2025,-0.0029228618940394524,59371.953467334046,58872.28671013783,58797.837560393826
2025-02-27 11:54:48.888595,59607.17847367636,3,2,2025,-0.001359691300781729,59446.76862315273,59002.33739194115,58825.37271097502
2025-02-28 11:54:48.888595,59473.86416282929,4,2,2025,-0.0022365479168913183,59546.685548668545,59131.694298109745,58880.37807858087
2025-03-01 11:54:48.888595,59551.89821023944,5,3,2025,0.001312072933356223,59501.42940054099,59235.94060993665,58929.29301558867
2025-03-02 11:54:48.888595,59706.95790249243,6,3,2025,0.0026037741350506405,59621.36845984089,59280.70284338801,58984.80437963009
2025-03-03 11:54:48.888595,59099.70097711074,0,3,2025,-0.01017062243186806,59570.177754217024,59352.17960669751,59001.80176913281
2025-03-04 11:54:48.888595,58613.52407687394,1,3,2025,-0.008226385111916201,59391.63714119538,59328.67991494666,58945.28327019541
2025-03-05 11:54:48.888595,60408.99658800575,2,3,2025,0.030632393110794354,59494.58862731828,59363.76413162602,58962.27949250282
2025-03-06 11:54:48.888595,59807.58241973053,3,3,2025,-0.009955705312851282,59523.21776246887,59458.225138819784,59011.09536544189
2025-03-07 11:54:48.888595,59958.530551785996,4,3,2025,0.002523896234362333,59592.45581803412,59516.562350075816,59038.01670164231
2025-03-08 11:54:48.888595,58632.12556112082,5,3,2025,-0.022122039657385684,59461.05972530289,59507.0743418693,59020.3126681599
2025-03-09 11:54:48.888595,59312.10076713154,6,3,2025,0.011597314603610576,59404.65156310847,59469.96830986925,59028.64911299977
2025-03-10 11:54:48.888595,59100.17998509874,0,3,2025,-0.0035729771714685388,59404.71999282105,59485.48800971629,59046.707912708116
2025-03-11 11:54:48.888595,59361.39505926168,1,3,2025,0.0044198693511392495,59511.558704590716,59479.04528590188,59080.46681097287
2025-03-12 11:54:48.888595,58457.713996548264,2,3,2025,-0.015223379804522041,59232.80404866822,59385.33899447006,59086.989823145355
2025-03-13 11:54:48.888595,59313.10764202237,3,3,2025,0.014632690657808034,59162.16479470992,59360.32375826185,59116.30523419984
2025-03-14 11:54:48.888595,60141.90402264339,4,3,2025,0.013973241557720062,59188.3610048324,59395.972128192996,59199.15476006708
2025-03-15 11:54:48.888595,58801.136039945035,5,3,2025,-0.022293407641260532,59212.505358950155,59351.12358666738,59241.40894238857
2025-03-16 11:54:48.888595,59647.80192989059,6,3,2025,0.01439880157026896,59260.46266791573,59357.51716797745,59296.728888957055
2025-03-17 11:54:48.888595,58453.07532650459,0,3,2025,-0.02002968365523794,59168.019145259415,59273.92499624494,59277.31391981648
2025-03-18 11:54:48.888595,59373.51058723341,1,3,2025,0.01574656689297349,59169.749934969666,59292.17897025311,59322.17928847531
2025-03-19 11:54:48.888595,59725.52451238825,2,3,2025,0.0059288043047016625,59350.86572294681,59366.31233262073,59347.49612378369
2025-03-20 11:54:48.888595,58787.930336190555,3,3,2025,-0.01569838329344797,59275.84039354226,59258.241249166385,59311.0026903962
2025-03-21 11:54:48.888595,59296.942205914405,4,3,2025,0.00865844173817587,59155.13156258098,59224.19856824531,59341.21185353255
2025-03-22 11:54:48.888595,59682.98552624242,5,3,2025,0.006510341106417128,59281.110060623454,59205.828899875734,59361.19562497577
2025-03-23 11:54:48.888595,59676.44129831347,6,3,2025,-0.00010964980842109728,59285.201398969584,59275.44994902192,59391.2621454456
2025-03-24 11:54:48.888595,59529.65474115771,0,3,2025,-0.0024597069456938625,59438.99845820574,59289.95354729032,59379.960928579785
2025-03-25 11:54:48.888595,60256.36584284681,1,3,2025,0.012207547731444501,59565.120637579086,59367.03260447353,59426.260307094904
2025-03-26 11:54:48.888595,60552.47671045922,2,3,2025,0.004914183978248721,59683.25666587495,59446.4380478867,59462.74166689429
2025-03-27 11:54:48.888595,59869.629231651816,3,3,2025,-0.011276953741670037,59837.785079512265,59540.56573022693,59462.95236234849
2025-03-28 11:54:48.888595,60369.31437723571,4,3,2025,0.008346220813402194,59990.981103986735,59610.97951257449,59485.65163541817
2025-03-29 11:54:48.888595,59979.4011721548,5,3,2025,-0.006458797968855734,60033.326196259935,59600.145989208584,59498.05905870079
2025-03-30 11:54:48.888595,60754.728770152324,6,3,2025,0.012926564501238635,60187.36726366548,59730.385504555736,59540.75454561156
2025-03-31 11:54:48.888595,60881.62074974433,0,3,2025,0.002088594289871182,60380.50526489214,59812.64009254599,59585.07863026172
2025-04-01 11:54:48.888595,63042.7256835347,1,4,2025,0.035496836437282964,60778.5566707047,60118.61678301466,59696.270889629806
2025-04-02 11:54:48.888595,62700.89772471774,2,4,2025,-0.005422163383811962,61085.473958455914,60340.44259218029,59816.3107812167
2025-04-03 11:54:48.888595,62908.11422404733,3,4,2025,0.003304841028582306,61519.543243083855,60552.61523962422,59959.46378612248
2025-04-04 11:54:48.888595,62959.761599447826,4,4,2025,0.0008209970373067588,61889.607131971294,60830.73732384138,60044.48928650388
2025-04-05 11:54:48.888595,62902.663879440515,5,4,2025,-0.0009068922523971512,62307.216090154965,61071.118768743116,60147.65866849421
2025-04-06 11:54:48.888595,63172.7139806937,6,4,2025,0.004293142525263471,62652.64254880373,61303.7673323732,60254.79811612447
2025-04-07 11:54:48.888595,62549.22443404636,0,4,2025,-0.009869602037960279,62890.87164656116,61495.28620808872,60385.36807855532
2025-04-08 11:54:48.888595,62800.70609075183,1,4,2025,0.004020539966417047,62856.29741902075,61713.35629806167,60501.654922675996
2025-04-09 11:54:48.888595,62048.42289366551,2,4,2025,-0.01197889711620781,62763.08672887044,61832.82676811625,60599.92968629488
2025-04-10 11:54:48.888595,62632.856985087084,3,4,2025,0.009418999938534123,62723.76426616184,61971.51878642477,60708.97841715573
2025-04-11 11:54:48.888595,62335.78782008614,4,4,2025,-0.004743024337396595,62634.62515482445,62135.92935898706,60838.247544606995
2025-04-12 11:54:48.888595,61841.06053222285,5,4,2025,-0.007936488896092442,62482.96753379335,62234.045769319535,60922.51264094702
2025-04-13 11:54:48.888595,62661.025474521244,6,4,2025,0.0132592315727047,62409.86917576873,62412.82072281064,61006.48335600961
2025-04-14 11:54:48.888595,63292.51936317502,0,4,2025,0.010077937344171728,62516.05416564424,62582.006762345474,61156.196133450605
2025-04-15 11:54:48.888595,63060.6108981426,1,4,2025,-0.0036640738489445157,62553.18342384292,62727.2727722387,61269.95643239235
2025-04-16 11:54:48.888595,62988.341622823034,2,4,2025,-0.00114602878548542,62687.45752800828,62723.64716819125,61421.131975602955
2025-04-17 11:54:48.888595,62653.81886219088,3,4,2025,-0.005310867884652293,62690.45208188025,62720.50857735612,61530.47558476821
2025-04-18 11:54:48.888595,63684.07625251056,4,4,2025,0.01644364875165505,62883.06471508374,62772.239379253675,61662.42730943895
2025-04-19 11:54:48.888595,63363.863348017774,5,4,2025,-0.005028147118333437,63100.60797448301,62799.179495825,61814.95840983318
2025-04-20 11:54:48.888595,63794.58367178082,6,4,2025,0.0067975704290215155,63262.54485980581,62858.640815314364,61964.87979202874
2025-04-21 11:54:48.888595,62854.636325980486,0,4,2025,-0.0147339678653019,63199.99014020659,62837.435638333474,62070.601485353334
2025-04-22 11:54:48.888595,63403.67042171629,1,4,2025,0.008734981662901875,63248.99864357426,62894.398704178144,62194.84245613343
2025-04-23 11:54:48.888595,63347.85147335972,2,4,2025,-0.0008803740853692288,63300.35719365093,62930.87506301866,62322.11568054017
2025-04-24 11:54:48.888595,63659.05482065002,3,4,2025,0.004912610926057548,63443.96233057367,63038.25052481763,62435.53864646694
2025-04-25 11:54:48.888595,63528.73410912413,4,4,2025,-0.0020471669253186997,63421.770595804184,63097.975666420105,62534.74722642244
2025-04-26 11:54:48.888595,63620.06454126419,5,4,2025,0.0014376239889051234,63458.37076626795,63183.59411449865,62659.761736742854
2025-04-27 11:54:48.888595,63566.006252938765,6,4,2025,-0.0008497050217602942,63425.71684929052,63298.59049587971,62766.31813259962
2025-04-28 11:54:48.888595,63728.231033439464,0,4,2025,0.0025520681581785443,63550.51609321323,63369.73753314091,62891.27912797578
2025-04-29 11:54:48.888595,63799.2552816256,1,4,2025,0.0011144864220202777,63607.02821605741,63403.51992770429,62992.76334502488
2025-04-30 11:54:48.888595,63707.57050704557,2,4,2025,-0.0014370822069208478,63658.416649441104,63446.65056829782,63086.961670268254
2025-05-01 11:54:48.888595,63991.706569098744,3,5,2025,0.004460004671214879,63705.93832779092,63513.54156471619,63118.59436645372
2025-05-02 11:54:48.888595,62637.72335846217,4,5,2025,-0.021158729517152808,63578.651077696355,63512.46853113429,63116.48855424521
2025-05-03 11:54:48.888595,63352.373902505984,5,5,2025,0.011409267542404455,63540.409557873754,63490.35504113398,63131.29721019383
2025-05-04 11:54:48.888595,63208.92503406225,6,5,2025,-0.002264301392470136,63489.39795517711,63480.02582020361,63139.60265801431
2025-05-05 11:54:48.888595,64233.856278648214,0,5,2025,0.01621497666719751,63561.63013306407,63509.31066066144,63183.9757379879
2025-05-06 11:54:48.888595,64260.466071983676,1,5,2025,0.0004142642973206101,63627.51738882951,63603.03264372832,63220.2341410309
2025-05-07 11:54:48.888595,62906.6165957411,2,5,2025,-0.021068155259347354,63513.09540150031,63569.89572199665,63232.147213087395
2025-05-08 11:54:48.888595,64227.32947264942,3,5,2025,0.020994816577017072,63546.75581629326,63628.52758861596,63279.70132581731
2025-05-09 11:54:48.888595,63112.51459829088,4,5,2025,-0.017357328780628678,63614.58313626879,63592.091573792015,63315.17104930482
2025-05-10 11:54:48.888595,64734.735231699255,5,5,2025,0.025703628570874715,63812.06332615354,63672.49164863035,63385.233657525234
2025-05-11 11:54:48.888595,63457.346021103556,6,5,2025,-0.019732670660096985,63847.552038588015,63661.6437472863,63422.61893089247
2025-05-12 11:54:48.888595,62914.207437670884,0,5,2025,-0.008559112813385616,63659.03077559126,63618.190492935115,63458.39049440741
2025-05-13 11:54:48.888595,62952.37627725591,1,5,2025,0.0006066807663887008,63472.16080491586,63566.46684252288,63468.10218783189
2025-05-14 11:54:48.888595,62607.74624323116,2,5,2025,-0.005474456317692056,63429.46504027158,63487.03290662992,63445.27641716711
2025-05-15 11:54:48.888595,63067.683149573895,3,5,2025,0.007346325877246596,63263.801279832216,63444.37374946514,63445.51215888148
2025-05-16 11:54:48.888595,62956.522431431935,4,5,2025,-0.0017625622599506396,63241.51668456666,63375.36147362069,63444.45151916845
2025-05-17 11:54:48.888595,63932.45594189875,5,5,2025,0.015501706142198923,63126.9053574523,63461.676979183125,63487.07275515871
2025-05-18 11:54:48.888595,63451.491997827856,6,5,2025,-0.007523001220350212,63126.069068412915,63468.28485220458,63479.31994666928
2025-05-19 11:54:48.888595,63205.87050915968,0,5,2025,-0.003871012027212628,63167.73522148274,63468.08121721108,63474.053518707355
2025-05-20 11:54:48.888595,63281.51566603886,1,5,2025,0.0011968058705593698,63214.75513416602,63404.591843037124,63456.95125184928
2025-05-21 11:54:48.888595,63550.31740996399,2,5,2025,0.0042477134293636976,63349.408157984995,63357.24859890247,63480.140621315404
2025-05-22 11:54:48.888595,62040.322799030546,3,5,2025,-0.023760614776987543,63202.64239362166,63299.49567912177,63434.695700559205
2025-05-23 11:54:48.888595,62502.749349373385,4,5,2025,0.007453645137224685,63137.81766761329,63184.52367090337,63406.52562975966
2025-05-24 11:54:48.888595,61808.88479824478,5,5,2025,-0.01110134447446609,62834.450361377014,63097.61501756696,63344.85329567948
2025-05-25 11:54:48.888595,62570.15358435606,6,5,2025,0.012316494442444759,62708.54487373819,62953.309574410756,63312.90061152055
2025-05-26 11:54:48.888595,63663.002345300054,0,5,2025,0.017465975362688457,62773.84942175824,62967.01999602385,63314.33187165508
2025-05-27 11:54:48.888595,63061.018714365775,1,5,2025,-0.009455784502106823,62742.349857233516,62976.807414470175,63297.49895370265
2025-05-28 11:54:48.888595,63996.83114172779,2,5,2025,0.01483979241757516,62806.13753319978,63046.4377387683,63306.45229064559
2025-05-29 11:54:48.888595,63826.4065527825,3,5,2025,-0.0026630160572773676,63061.29235516434,63127.68175940506,63307.35733301749
2025-05-30 11:54:48.888595,63420.15501909431,4,5,2025,-0.006364944474074874,63192.35030798161,63151.17988403975,63297.77681675244
2025-05-31 11:54:48.888595,64214.57443803523,5,5,2025,0.012526292606849454,63536.02025652311,63235.0500178133,63305.205745717
2025-06-01 11:54:48.888595,60970.80360032447,6,6,2025,-0.05051455788811443,63307.541687375735,63037.60652837502,63249.64175377907
2025-06-02 11:54:48.888595,62247.91631882786,0,6,2025,0.02094629959078631,63105.38654073685,62957.36814977503,63212.8265009898
2025-06-03 11:54:48.888595,61008.7606008216,1,6,2025,-0.019906782287449132,62812.20681023054,62810.89415588581,63139.48768654845
2025-06-04 11:54:48.888595,61213.0278603537,2,6,2025,0.0033481627477831566,62414.520627177095,62672.99496884014,63038.79340593863
2025-06-05 11:54:48.888595,60698.625246652606,3,6,2025,-0.008403482586658018,61967.69472630139,62482.882157952714,62920.06537842759
2025-06-06 11:54:48.888595,59870.74220615118,4,6,2025,-0.013639238732957581,61460.6357530238,62338.243451760754,62818.86956544126
2025-06-07 11:54:48.888595,60549.62686989983,5,6,2025,0.011339172335814052,60937.07181471875,62208.03528646252,62696.27947868294
2025-06-08 11:54:48.888595,61566.73748264592,6,6,2025,0.016797966648605556,61022.20522647896,62191.892132089255,62644.75357482811
2025-06-09 11:54:48.888595,60975.06324092578,0,6,2025,-0.009610290652268483,60840.36907249294,62085.55277586057,62519.43117513566
2025-06-10 11:54:48.888595,61437.66289301384,1,6,2025,0.007586702292709857,60901.64082852041,61937.19681237483,62452.108404199345
2025-06-11 11:54:48.888595,61353.350453869905,2,6,2025,-0.0013723249741897092,60921.68691330844,61823.3522616751,62400.07983807264
2025-06-12 11:54:48.888595,59866.390184376236,3,6,2025,-0.024236007626212364,60802.79619012609,61547.989531185,62297.21363497665
2025-06-13 11:54:48.888595,60117.12903413338,4,6,2025,0.004188307479120024,60837.994308409274,61300.70436327506,62214.193061340055
2025-06-14 11:54:48.888595,60252.66665284909,5,6,2025,0.0022545590731513077,60795.57142025917,61089.53847219204,62120.3591781159
2025-06-15 11:54:48.888595,60181.233107825436,6,6,2025,-0.0011855665316063968,60597.64222385624,60820.64905017806,62027.84953399568
2025-06-16 11:54:48.888595,60593.88401499321,0,6,2025,0.006856803788457322,60543.188048723016,60795.52107782264,61916.56380309883
2025-06-17 11:54:48.888595,61528.689591832226,1,6,2025,0.015427391592981676,60556.19186283992,60747.57262935626,61852.47038956564
2025-06-18 11:54:48.888595,60976.457820437994,2,6,2025,-0.008975191492905488,60502.35005806394,60745.41911066402,61778.15663327491
2025-06-19 11:54:48.888595,60746.51718802668,3,6,2025,-0.0037709739238779294,60628.08248715686,60714.31839917555,61693.656684007845
2025-06-20 11:54:48.888595,61869.953342386674,4,6,2025,0.018493836459507085,60878.48595976447,60792.40693889115,61637.64454842194
2025-06-21 11:54:48.888595,60693.03352360586,5,6,2025,-0.019022477878199995,60941.39551272972,60847.2263600548,61592.73490590778
2025-06-22 11:54:48.888595,61637.89680465085,6,6,2025,0.015567903368637781,61149.49032656193,60919.77768903821,61563.90648775036
2025-06-23 11:54:48.888595,61021.69179563542,0,6,2025,-0.009997177726040363,61210.60572379653,60883.44130990418,61537.66672099672
2025-06-24 11:54:48.888595,61393.10763111227,1,6,2025,0.006086619766635382,61191.23687226511,60911.310935916605,61498.431855888586
2025-06-25 11:54:48.888595,60840.49012957934,2,6,2025,-0.009001295468758386,61171.812916428156,60871.49941835431,61404.34811536456
2025-06-26 11:54:48.888595,61683.67412026364,3,6,2025,0.013858928303971174,61305.69247817629,60893.52099611388,61358.436628894495
2025-06-27 11:54:48.888595,61326.727327945126,4,6,2025,-0.005786730401671325,61228.0887618275,60990.87680568515,61269.43316843508
2025-06-28 11:54:48.888595,60875.53203988743,5,6,2025,-0.007357237337073719,61254.15997843915,61041.43700606875,61171.0706846719
2025-06-29 11:54:48.888595,59997.42910584643,6,6,2025,-0.014424562786008122,61019.80745003852,61024.4211696019,61056.97982089697
2025-06-30 11:54:48.888595,60925.49089036651,0,6,2025,0.01546835920057199,61006.06446357153,61074.03835510464,60947.343702641345
2025-07-01 11:54:48.888595,61230.22558616406,1,7,2025,0.005001760204869088,60982.79560000751,61116.46112651603,60955.99110216933
2025-07-02 11:54:48.888595,59973.812907617285,2,7,2025,-0.020519484723745318,60858.984568298634,61012.8026809017,60880.18765512898
2025-07-03 11:54:48.888595,60652.329919501215,3,7,2025,0.011313554683093141,60711.649682475436,60991.19415417258,60868.3066324183
2025-07-04 11:54:48.888595,60876.258808273844,4,7,2025,0.0036920080245859133,60647.297036808115,60999.843595522405,60857.08099734898
2025-07-05 11:54:48.888595,61760.46589965258,5,7,2025,0.014524662137394007,60773.71615963171,60992.544432673465,60892.47568578231
2025-07-06 11:54:48.888595,61517.35387558456,6,7,2025,-0.003936369658594008,60990.848269594295,61047.49912280538,60947.362741430086
2025-07-07 11:54:48.888595,61206.43559960528,0,7,2025,-0.005054155557602469,61030.983228056975,61018.735042468994,60969.2563657536
2025-07-08 11:54:48.888595,60356.654238157535,1,7,2025,-0.013883856380834891,60906.18732119891,60974.3992053038,60928.92025760399
2025-07-09 11:54:48.888595,60638.01380599647,2,7,2025,0.004661616376691935,61001.0731638245,60924.05961696276,60917.68527643968
2025-07-10 11:54:48.888595,61025.93530427249,3,7,2025,0.0063973318703531845,61054.44536164897,60936.42262860896,60903.961023481635
2025-07-11 11:54:48.888595,60485.73330572126,4,7,2025,-0.00885200686983012,60998.65600414145,60856.55990763948,60875.04045187668
2025-07-12 11:54:48.888595,61417.89787937498,5,7,2025,0.015411313093323109,60949.717715530365,60862.63794440146,60926.75737504331
2025-07-13 11:54:48.888595,60129.37965247903,6,7,2025,-0.02097952341883469,60751.43568365815,60812.894451907574,60927.165728988155
2025-07-14 11:54:48.888595,60431.99313431611,0,7,2025,0.0050327058683465875,60640.8010457597,60841.86538713888,60933.143278370386
2025-07-15 11:54:48.888595,59933.52778419954,1,7,2025,-0.008248368525735628,60580.35440947999,60775.73451339442,60924.886434249536
2025-07-16 11:54:48.888595,60058.1695891481,2,7,2025,0.002079667417498765,60497.51952135879,60697.59744692668,60907.029286721365
2025-07-17 11:54:48.888595,61243.16426132459,3,7,2025,0.0197307823445656,60528.552229509085,60782.220870507175,60897.51177570444
2025-07-18 11:54:48.888595,61330.03612271959,4,7,2025,0.0014184744116798598,60649.16691765171,60827.40128405507,60909.29771911383
2025-07-19 11:54:48.888595,61296.20478702782,5,7,2025,-0.0005516275194111797,60631.78219017354,60855.39768263866,60927.62063908053
2025-07-20 11:54:48.888595,60209.238575591706,6,7,2025,-0.017733009983452508,60643.19060776107,60751.98252770127,60872.263480187365
2025-07-21 11:54:48.888595,59706.24774314291,0,7,2025,-0.008354047391203934,60539.51269473632,60631.24211887182,60839.3706208386
2025-07-22 11:54:48.888595,61097.30264706575,1,7,2025,0.023298313937046844,60705.766246574356,60623.966588702526,60821.35081558576
2025-07-23 11:54:48.888595,60733.03439027937,2,7,2025,-0.005962100469321996,60802.17550387882,60649.058598843985,60811.7289020739
2025-07-24 11:54:48.888595,60286.510483966405,3,7,2025,-0.007352241013408589,60665.51067854194,60625.625044041975,60774.84233050236
2025-07-25 11:54:48.888595,60425.40871669041,4,7,2025,0.002303968692315417,60536.27819196634,60585.58993820317,60761.006283406066
2025-07-26 11:54:48.888595,59950.8994499528,5,7,2025,-0.007852810213703099,60344.09171524133,60549.934347818606,60703.24712772904
2025-07-27 11:54:48.888595,60790.323462127446,6,7,2025,0.014001858518826849,60427.1038418893,60508.096053335445,60685.36699886845
2025-07-28 11:54:48.888595,59717.85710281756,0,7,2025,-0.017642057127365662,60428.76232184282,60480.66121669134,60646.77783429946
2025-07-29 11:54:48.888595,60386.75449322944,1,7,2025,0.01120096103348489,60327.25544272335,60477.645307285566,60659.75534721222
2025-07-30 11:54:48.888595,59802.857416947496,2,7,2025,-0.009669290578406708,60194.37301796165,60468.93394946876,60622.33423143159
2025-07-31 11:54:48.888595,59292.703470799344,3,7,2025,-0.008530594827456883,60052.40058750921,60417.90287491217,60557.75016091943
2025-08-01 11:54:48.888595,61085.14845977257,4,8,2025,0.03023044799864749,60146.649122235234,60407.36848814204,60594.79467932461
2025-08-02 11:54:48.888595,62213.41896909618,5,8,2025,0.01847045538518466,60469.86619639857,60466.26067790048,60646.83098097777
2025-08-03 11:54:48.888595,62046.876476818805,6,8,2025,-0.002676954506552698,60649.37376992591,60516.305457219874,60685.85156992927
2025-08-04 11:54:48.888595,63002.82364857302,0,8,2025,0.015406854076068788,61118.654705033834,60702.5444620853,60727.26349489328
2025-08-05 11:54:48.888595,62066.5970988815,1,8,2025,-0.014860072858222217,61358.632220126994,60859.901085801204,60745.57160233652
2025-08-06 11:54:48.888595,62933.72187895516,2,8,2025,0.013970876777603891,61805.898571842365,60982.32903459384,60803.14781164818
2025-08-07 11:54:48.888595,62820.58371771225,3,8,2025,-0.001797735107110232,62309.8814642585,61121.49898975602,60885.27879430001
2025-08-08 11:54:48.888595,62483.38551720789,4,8,2025,-0.005367638766611615,62509.62961532069,61267.95732530546,60946.79118467371
2025-08-09 11:54:48.888595,62483.34353853043,5,8,2025,-6.718374350178635e-07,62548.190268097016,61405.15298009479,60995.37145914898
2025-08-10 11:54:48.888595,62370.39015843919,6,8,2025,-0.0018077358491801476,62594.406508328495,61566.45236066055,61058.19335423958
2025-08-11 11:54:48.888595,62234.25932028464,0,8,2025,-0.0021826196342324966,62484.611604287296,61662.71475120436,61085.4054022699
2025-08-12 11:54:48.888595,62796.48486569785,1,8,2025,0.009034020032595791,62588.88128526106,61867.95660206305,61174.3089093772
2025-08-13 11:54:48.888595,62565.53003558636,2,8,2025,-0.0036778305442642933,62536.28245049409,62013.208304886844,61245.42680608621
2025-08-14 11:54:48.888595,62112.23169707186,3,8,2025,-0.007245176988937341,62435.08930468832,62167.16659022847,61318.050269848616
2025-08-15 11:54:48.888595,62319.997820215576,4,8,2025,0.003345011400604836,62411.74820511798,62368.98621352288,61393.44454421753
2025-08-16 11:54:48.888595,62402.0049324385,5,8,2025,0.0013159036439556182,62400.12840424771,62456.77664503395,61432.07256658799
2025-08-17 11:54:48.888595,62190.90567479371,6,8,2025,-0.00338289223035948,62374.487763726924,62455.27575874712,61460.7682183238
2025-08-18 11:54:48.888595,61829.45410631627,0,8,2025,-0.005811968238049525,62316.658447445734,62440.78093404695,61478.543195633414
2025-08-19 11:54:48.888595,62517.02940807543,1,8,2025,0.011120513866690107,62276.73623921396,62408.39465134711,61555.469556716205
2025-08-20 11:54:48.888595,63216.8783226429,2,8,2025,0.01119453245289792,62369.78599450774,62485.080066264534,61672.49057603287
2025-08-21 11:54:48.888595,61777.19055449622,3,8,2025,-0.022773787734327477,62321.9229741398,62407.977977967275,61695.153506280556
2025-08-22 11:54:48.888595,62588.73711940432,4,8,2025,0.01313666998489027,62360.31430259534,62392.52153808007,61757.01026391805
2025-08-23 11:54:48.888595,62126.87070924552,5,8,2025,-0.007379385356149126,62321.009413567765,62368.75388421592,61818.35560476069
2025-08-24 11:54:48.888595,62682.551425856815,6,8,2025,0.008944289488068469,62391.24452086249,62382.034410037675,61893.593695066236
2025-08-25 11:54:48.888595,61837.25474110822,0,8,2025,-0.013485358612889908,62392.35889726134,62346.49204888228,61956.47220477141
2025-08-26 11:54:48.888595,62479.616150768015,1,8,2025,0.010387935433892492,62387.01414621743,62362.84917091451,62012.78196105943
2025-08-27 11:54:48.888595,63162.94282130852,2,8,2025,0.010936793671900702,62379.30907459823,62387.27970128855,62127.6181516758
2025-08-28 11:54:48.888595,61877.236159986,3,8,2025,-0.020355395171498758,62393.60130395391,62341.39344291519,62177.30087390102
2025-08-29 11:54:48.888595,62844.33230395926,4,8,2025,0.01562927182902607,62430.11490174748,62390.20015004102,62278.68337013475
2025-08-30 11:54:48.888595,62934.711785094194,5,8,2025,0.0014381484824725899,62545.52076972586,62431.181081032926,62400.083647277905
2025-08-31 11:54:48.888595,63286.49566806844,6,8,2025,0.005589663843627246,62631.798518613236,62490.147130074925,62473.46188755443
2025-09-01 11:54:48.888595,62586.68070518395,0,9,2025,-0.01105788771359617,62738.85937062406,62516.53213210093,62485.90394542403
2025-09-02 11:54:48.888595,62299.89461228139,1,9,2025,-0.00458222244207962,62713.184865125964,62547.89483249861,62494.337883272776
2025-09-03 11:54:48.888595,61754.20560550131,2,9,2025,-0.008759067895317219,62511.93669143922,62497.039912326996,62452.71728183705
2025-09-04 11:54:48.888595,63017.54880357961,3,9,2025,0.02045760585358014,62674.83849766688,62483.75127772278,62484.41567199366
2025-09-05 11:54:48.888595,62772.80876256311,4,9,2025,-0.003883680747077789,62664.620848896,62550.12582492724,62479.05190144726
2025-09-06 11:54:48.888595,62845.129941963656,5,9,2025,0.00115210997924442,62651.823442734494,62567.21867976453,62479.87010892231
2025-09-07 11:54:48.888595,62977.660435977145,6,9,2025,0.0021088427080329097,62607.70412386431,62623.937994879976,62496.34593954795
2025-09-08 11:54:48.888595,62361.982405358736,0,9,2025,-0.00977613373307673,62575.60436674642,62602.56672684677,62492.300568442224
2025-09-09 11:54:48.888595,62650.10438865393,1,9,2025,0.004620154334132209,62625.634334799644,62656.75670334981,62501.62437611605
2025-09-10 11:54:48.888595,61520.492915445786,2,9,2025,-0.018030480303760088,62592.24680764886,62592.81515432834,62477.832162621424
2025-09-11 11:54:48.888595,62532.29621423323,3,9,2025,0.01644660585177804,62522.925009170795,62550.77204718998,62469.02587423926
2025-09-12 11:54:48.888595,61813.970316737956,4,9,2025,-0.01148727843024222,62385.948088338635,62546.55432430678,62443.97388361099
2025-09-13 11:54:48.888595,62822.8484946677,5,9,2025,0.01632120009053284,62382.76502443921,62545.12207035401,62467.661110197514
2025-09-14 11:54:48.888595,62801.983808548146,6,9,2025,-0.00033211938999111457,62357.668363377925,62536.273538584275,62483.7273098086
2025-09-15 11:54:48.888595,62593.3975410968,0,9,2025,-0.0033213324612041406,62390.727668483356,62490.06699678616,62490.10706343055
2025-09-16 11:54:48.888595,61220.480547904124,1,9,2025,-0.021933894741713922,62186.495691233395,62398.98698630084,62457.75955920089
2025-09-17 11:54:48.888595,61917.56572993141,2,9,2025,0.011386470275773553,62243.22037901705,62373.49839414418,62460.6966133214
2025-09-18 11:54:48.888595,62495.909667689375,3,9,2025,0.009340547079653483,62238.02230093936,62422.945331623385,62459.99262197519
2025-09-19 11:54:48.888595,62568.14671961631,4,9,2025,0.0011558684770096583,62345.76178706484,62392.9851926925,62438.36823520764
2025-09-20 11:54:48.888595,62171.041362706084,5,9,2025,-0.00634676553054625,62252.6464824989,62352.86736603536,62451.4965954813
2025-09-21 11:54:48.888595,63594.364807967184,6,9,2025,0.02289367226386685,62365.84376813018,62402.81635710226,62485.0175184334
2025-09-22 11:54:48.888595,62536.61391377345,0,9,2025,-0.01663277709255806,62357.73182136971,62373.413255622014,62498.675625250995
2025-09-23 11:54:48.888595,62718.77644868513,1,9,2025,0.0029128941193210522,62571.77409290986,62397.19952517711,62499.88312601194
2025-09-24 11:54:48.888595,62795.336554944486,2,9,2025,0.001220688772874734,62697.16992505457,62406.88166959647,62531.81918647315
2025-09-25 11:54:48.888595,63258.40030352944,3,9,2025,0.007374174166258074,62806.097158746015,62522.742162135386,62557.77865823186
2025-09-26 11:54:48.888595,63051.83366789677,4,9,2025,-0.0032654419751607655,62875.195294214645,62557.377992379625,62554.07501978481
2025-09-27 11:54:48.888595,63385.621151982225,5,9,2025,0.005293858475925672,63048.70669268266,62662.154714729244,62604.354519518005
2025-09-28 11:54:48.888595,64002.709591183484,6,9,2025,0.00973546410031445,63107.04166171357,62740.812121163624,62642.96709575882
2025-09-29 11:54:48.888595,63312.166840081445,0,9,2025,-0.010789273696580559,63217.83493690043,62774.82432326584,62655.54893092506
2025-09-30 11:54:48.888595,63921.18695234392,1,9,2025,0.009619321888015397,63389.60786599454,62863.34361734898,62676.705307067576
2025-10-01 11:54:48.888595,64899.24981398544,2,10,2025,0.01530107478089704,63690.16690300039,63108.594901754404,62753.79094402763
2025-10-02 11:54:48.888595,63884.504008348034,3,10,2025,-0.01563570932708591,63779.61028940305,63239.72412031552,62806.61125722985
2025-10-03 11:54:48.888595,65202.42487687312,4,10,2025,0.02062974251710359,64086.83760497109,63420.15846759443,62921.55189960891
2025-10-04 11:54:48.888595,62855.50493327179,5,10,2025,-0.03599436597692807,64011.10671658389,63439.315681838125,62916.15043726531
2025-10-05 11:54:48.888595,64011.94997205493,6,10,2025,0.01839846867845285,64012.42677099409,63562.04292246139,62957.45514424837
2025-10-06 11:54:48.888595,63248.028659678035,0,10,2025,-0.011934042201657502,64003.26417379361,63538.95384590878,62970.88510150552
2025-10-07 11:54:48.888595,64470.7287637898,1,10,2025,0.01933182946603451,64081.77014685731,63667.89483590987,63020.65404576594
2025-10-08 11:54:48.888595,64503.04740420771,2,10,2025,0.000501291687524219,64025.16980260335,63786.84623294471,63092.02287906091
2025-10-09 11:54:48.888595,64800.5915534747,3,10,2025,0.004612869643234596,64156.039451907156,63920.52989951339,63163.705784554935
2025-10-10 11:54:48.888595,64115.77621032682,4,10,2025,-0.010568041536823891,64000.80392811483,63977.688293299885,63250.215227717636
2025-10-11 11:54:48.888595,63319.19561957312,5,10,2025,-0.012424096499129567,64067.045454729305,63995.51242341164,63276.44520789563
2025-10-12 11:54:48.888595,62408.025909820084,6,10,2025,-0.014390102414241213,63837.9134458386,63930.33940726749,63296.247060998365
2025-10-13 11:54:48.888595,63503.93749189365,0,10,2025,0.017560426981894306,63874.47185044084,63897.08793398151,63318.950027572566
2025-10-14 11:54:48.888595,63108.16830293398,1,10,2025,-0.006232199208280553,63679.82035603286,63883.48803150501,63329.156177385434
2025-10-15 11:54:48.888595,64352.68604861755,2,10,2025,0.01972039086461197,63658.34016237713,63912.25463792325,63387.79912763612
2025-10-16 11:54:48.888595,63414.44969595065,3,10,2025,-0.014579598930153037,63460.31989701655,63813.2679633876,63460.93143257101
2025-10-17 11:54:48.888595,65151.555656381744,4,10,2025,0.02739290443676312,63608.28838931011,63897.738073256514,63568.73109678601
2025-10-18 11:54:48.888595,64749.17676323092,5,10,2025,-0.006176044287768412,63812.57140983265,63867.52153234704,63643.83999997073
2025-10-19 11:54:48.888595,65165.23401522152,6,10,2025,0.006425676321909046,64206.458282032865,64021.50347114368,63730.4095764909
2025-10-20 11:54:48.888595,63612.30506988305,0,10,2025,-0.023830635595902705,64221.939364602775,63994.860477665556,63778.45170006347
2025-10-21 11:54:48.888595,65166.865537170874,1,10,2025,0.024438046468839847,64516.03896949376,64122.78293616508,63830.86839103692
2025-10-22 11:54:48.888595,64973.22100280746,2,10,2025,-0.0029715183132900114,64604.68682009231,64156.282418766255,63912.08862733807
2025-10-23 11:54:48.888595,64354.070772231215,3,10,2025,-0.009529314093101426,64738.91840241811,64146.35064330116,63966.59843812293
2025-10-24 11:54:48.888595,65011.404278924565,4,10,2025,0.010214326752069125,64718.896777067086,64160.40482499781,64040.4673622556
2025-10-25 11:54:48.888595,65452.43793074352,5,10,2025,0.006783942859113656,64819.362658140315,64249.515606358924,64113.601949829404
2025-10-26 11:54:48.888595,63823.600367057865,6,10,2025,-0.02488581961468206,64627.700708402655,64283.14258952458,64139.3275064681
2025-10-27 11:54:48.888595,64496.66944967541,0,10,2025,0.010545771137112858,64754.03847694442,64422.3854921816,64176.36244972455
2025-10-28 11:54:48.888595,63809.471064356905,1,10,2025,-0.010654788707418539,64560.124980828135,64442.75439701249,64169.921165497
2025-10-29 11:54:48.888595,63533.73429734537,2,10,2025,-0.004321251413186511,64354.48402290499,64471.12546330658,64177.30674740579
2025-10-30 11:54:48.888595,64104.575603165664,3,10,2025,0.00898485367078683,64318.841855895625,64454.58476694312,64183.41970243319
2025-10-31 11:54:48.888595,62904.66894233266,4,10,2025,-0.0187179565505734,64017.879664953914,64420.599383368586,64116.93367337809
2025-11-01 11:54:48.888595,62616.62123983932,5,11,2025,-0.004579114831005704,63612.76299482474,64251.60375559909,64074.6709144278
2025-11-02 11:54:48.888595,62961.7978791669,6,11,2025,0.005512540160949486,63489.64835369746,64132.44516332816,63999.983347837595
2025-11-03 11:54:48.888595,64706.222421573235,0,11,2025,0.027706078942570045,63519.58449254,64101.84439041827,64061.67393078098
2025-11-04 11:54:48.888595,63673.8632422058,1,11,2025,-0.015954558012078346,63500.211946518415,64105.94826857312,64050.40437311934
2025-11-05 11:54:48.888595,64847.894750342784,2,11,2025,0.018438201302018564,63687.94915408949,64084.68354945125,64103.733242808165
2025-11-06 11:54:48.888595,63984.661280355635,3,11,2025,-0.01331166529477179,63670.81853654519,64018.77956795446,64087.53099336036
2025-11-07 11:54:48.888595,63757.7330343557,4,11,2025,-0.003546603849407415,63792.68483540563,63979.02371876276,64062.68718103195
2025-11-08 11:54:48.888595,63993.913355920195,5,11,2025,0.0037043400121712367,63989.440851988606,63911.19099056246,64035.797907780136
2025-11-09 11:54:48.888595,64301.267233542225,6,11,2025,0.004802861108252454,64180.79361689936,63834.44627741571,64041.98094188732
2025-11-10 11:54:48.888595,64130.12125708128,0,11,2025,-0.0026616268049484137,64098.49345054338,63854.88100341727,64069.01179647093
2025-11-11 11:54:48.888595,64912.559371552605,1,11,2025,0.012200789568675985,64275.450040450065,63882.60699820909,64152.49624519535
2025-11-12 11:54:48.888595,63829.21748391707,2,11,2025,-0.016689249324381095,64129.924716674956,63883.92342617976,64163.338911596125
2025-11-13 11:54:48.888595,64810.142920914644,3,11,2025,0.015367969022097805,64247.850665326245,63969.01733441771,64220.07139886214
2025-11-14 11:54:48.888595,64744.83952909498,4,11,2025,-0.0010076106744487667,64388.86587886042,64011.70159614634,64233.14318154472
2025-11-15 11:54:48.888595,63732.18313038859,5,11,2025,-0.01564072760194768,64351.47584664163,64066.8692086834,64243.734296025985
2025-11-16 11:54:48.888595,63809.926084227016,6,11,2025,0.0012198382358779014,64281.28425388231,64146.4228649759,64199.0133102875
2025-11-17 11:54:48.888595,64642.317469246336,0,11,2025,0.01304485737721417,64354.45514133446,64258.45750431453,64195.45133382135
2025-11-18 11:54:48.888595,64551.20849808499,1,11,2025,-0.0014094323150573018,64302.83358798194,64248.12324274866,64174.98381658346
2025-11-19 11:54:48.888595,63766.95031549414,2,11,2025,-0.012149395818269126,64293.93827820724,64254.32904763454,64180.13865810383
2025-11-20 11:54:48.888595,65515.65963491154,3,11,2025,0.02742344287699927,64394.726380206805,64298.84670660579,64191.76512802853
2025-11-21 11:54:48.888595,63658.238069086714,4,11,2025,-0.028350803093113663,64239.497600205614,64277.08515918787,64147.932363571155
2025-11-22 11:54:48.888595,64967.44395879651,5,11,2025,0.020566165973505912,64415.96343283531,64357.73255415059,64168.378136456675
2025-11-23 11:54:48.888595,65068.51539284271,6,11,2025,0.0015557243426460587,64595.76190549471,64429.37268994542,64170.28184025394
2025-11-24 11:54:48.888595,64221.70701060537,0,11,2025,-0.013014103320551307,64535.67469711743,64424.06867508297,64129.25747624934
2025-11-25 11:54:48.888595,64049.10552233489,1,11,2025,-0.002687587987064588,64463.9457005817,64418.66762609988,64136.77431475858
2025-11-26 11:54:48.888595,64150.68535397707,2,11,2025,0.0015859679977381358,64518.76499179355,64367.87602492817,64125.24151156863
2025-11-27 11:54:48.888595,64775.38211579715,3,11,2025,0.009737959280919029,64413.01106049149,64430.95366705351,64157.43854661663
2025-11-28 11:54:48.888595,63969.89912708464,4,11,2025,-0.012435017168599183,64457.53406877691,64374.937414131506,64171.97737427461
2025-11-29 11:54:48.888595,65328.06302784774,5,11,2025,0.021231296583177794,64509.05107864137,64413.81898071503,64212.76028843068
2025-11-30 11:54:48.888595,63977.51390761245,6,11,2025,-0.020673337883285847,64353.19372360847,64430.174365863284,64248.52178727334
2025-12-01 11:54:48.888595,65151.01296304801,0,12,2025,0.018342367243750157,64485.95171681456,64519.58015778468,64333.001511380295
2025-12-02 11:54:48.888595,65437.42231217251,1,12,2025,0.0043960843599921695,64684.28268679137,64572.5871473131,64415.522325813814
2025-12-03 11:54:48.888595,65207.4137258553,2,12,2025,-0.003514939589459032,64835.24388277397,64616.334162497784,64432.228702623215
2025-12-04 11:54:48.888595,64762.41791712537,3,12,2025,-0.006824313115695424,64833.391854392285,64682.6986692732,64468.51385845387
2025-12-05 11:54:48.888595,64430.68742525222,4,12,2025,-0.005122268478265579,64899.21875413051,64610.36718862924,64454.60694761752
2025-12-06 11:54:48.888595,65286.67795637573,5,12,2025,0.013285447747497292,64893.30660106308,64718.92984778185,64498.007503484856
2025-12-07 11:54:48.888595,64903.30188589064,6,12,2025,-0.005872194488763194,65025.5620265314,64714.65370958812,64536.19313186935
2025-12-08 11:54:48.888595,64576.50164948459,0,12,2025,-0.0050351866070020845,64943.48898173663,64681.85279336424,64555.61274165483
2025-12-09 11:54:48.888595,64088.144279706336,1,12,2025,-0.007562462463962749,64750.7349770986,64672.94861130431,64548.50864319364
2025-12-10 11:54:48.888595,65445.272879231066,2,12,2025,0.021175969670797157,64784.714856152284,64766.02643509738,64592.347030598634
2025-12-11 11:54:48.888595,64994.52853023724,3,12,2025,-0.006887347690116563,64817.87351516826,64822.28264684807,64595.07933588812
2025-12-12 11:54:48.888595,64426.54756204746,4,12,2025,-0.008738904351395349,64817.28210613901,64799.02700993142,64614.99033849246
2025-12-13 11:54:48.888595,63980.90675140348,5,12,2025,-0.006917036959256495,64630.74336257154,64799.76085155268,64587.3491328421
2025-12-14 11:54:48.888595,64288.84143351034,6,12,2025,0.004812915254598149,64542.96329794579,64730.47941193018,64572.14919632261
2025-12-15 11:54:48.888595,65077.16511938061,0,12,2025,0.012262216401668802,64614.48665078807,64803.78949271472,64616.98192928901
2025-12-16 11:54:48.888595,64694.645279271615,1,12,2025,-0.005877942584119666,64701.129650725976,64773.36498046297,64646.47256912383
2025-12-17 11:54:48.888595,64758.1044276467,2,12,2025,0.0009809026404139498,64602.962729071056,64728.07712149458,64650.33213440384
2025-12-18 11:54:48.888595,63650.358765249315,3,12,2025,-0.017105900059737777,64410.93847692993,64624.273457454176,64620.30380997598
2025-12-19 11:54:48.888595,65122.93277001973,4,12,2025,0.023135360637973168,64510.42207806883,64648.30778098047,64665.50322512684
2025-12-20 11:54:48.888595,65422.80447058791,5,12,2025,0.004604702027581675,64716.40746652375,64714.44891733619,64662.40805298272
2025-12-21 11:54:48.888595,64351.836528560074,6,12,2025,-0.01636994853238538,64725.40676581656,64652.126155481805,64685.52800163183
2025-12-22 11:54:48.888595,65059.83302725224,0,12,2025,0.011001962599434867,64722.930752655375,64662.56156490591,64688.60763724702
2025-12-23 11:54:48.888595,65955.81176543357,1,12,2025,0.013771611399709727,64903.097393535645,64754.51557263584,64718.18418300004
2025-12-24 11:54:48.888595,64576.20950798457,2,12,2025,-0.020917068875680567,64877.112405012485,64787.05325452106,64730.000932912684
2025-12-25 11:54:48.888595,65152.402095180456,3,12,2025,0.008922675883053177,65091.69002357408,64767.52853558435,64766.77748534086
2025-12-26 11:54:48.888595,64189.88565682521,4,12,2025,-0.014773307006380465,64958.397578832,64713.885677356884,64768.084162102474
2025-12-27 11:54:48.888595,63977.86576587804,5,12,2025,-0.0033030108836877847,64751.97776387345,64683.973557612255,64741.50028377184
2025-12-28 11:54:48.888595,64747.59475771006,6,12,2025,0.012031176448566994,64808.51465375203,64735.08609136603,64767.42347145935
2025-12-29 11:54:48.888595,66370.00164249781,0,12,2025,0.02505740778261978,64995.681598787094,64873.830105298526,64802.15475861435
2025-12-30 11:54:48.888595,66044.12941893445,1,12,2025,-0.004909932431803599,65008.29840643009,64938.29439193545,64871.041942325086
2025-12-31 11:54:48.888595,66228.78733478817,2,12,2025,0.0027959777421304732,65244.38095311632,65040.57052896989,64906.96775471643
2026-01-01 11:54:48.888595,62427.26029701695,3,1,2026,-0.05739991914021325,64855.0749819501,64885.180920261235,64806.62902087791
2026-01-02 11:54:48.888595,61564.29354430864,4,1,2026,-0.013823556385503366,64479.990394447734,64746.10990553186,64685.19168149302
2026-01-03 11:54:48.888595,62654.343787345155,5,1,2026,0.01770588404871387,64290.91582608589,64581.537306686885,64614.92254383368
2026-01-04 11:54:48.888595,62295.30567101802,6,1,2026,-0.005730458490567636,63940.58881370131,64373.03738671556,64543.74315202587
2026-01-05 11:54:48.888595,62814.138809942866,0,1,2026,0.00832860732179097,63432.608409050605,64270.524205474416,64461.32518047811
2026-01-06 11:54:48.888595,61446.2064281245,1,1,2026,-0.021777459784290465,62775.76226750633,64029.615765532566,64346.08866521924
2026-01-07 11:54:48.888595,62159.25908084701,2,1,2026,0.011604502444859666,62194.40108837187,63776.51225322679,64265.513912931325
2026-01-08 11:54:48.888595,62196.70286237941,3,1,2026,0.0006023846179328274,62161.464311995085,63617.87847685312,64202.46586568709
2026-01-09 11:54:48.888595,62714.38123757543,4,1,2026,0.008323244663651419,62325.762553890345,63455.343753012785,64111.43614429856
2026-01-10 11:54:48.888595,63663.66868059457,5,1,2026,0.015136678769468226,62469.95182435454,63420.26262126407,64067.07414931048
2026-01-11 11:54:48.888595,63378.45377989565,6,1,2026,-0.004480026153218852,62624.68726847992,63380.30182219858,64032.13768990542
2026-01-12 11:54:48.888595,62827.841149457396,0,1,2026,-0.008687694280937408,62626.64474555342,63252.31824831506,63993.702169840544
2026-01-13 11:54:48.888595,62819.94305657997,1,1,2026,-0.00012571007904982334,62822.89283533277,63015.64767592055,63944.738890609544
2026-01-14 11:54:48.888595,62770.254707968474,2,1,2026,-0.0007909645598810355,62910.17792492156,62797.38936185615,63867.84187689579
2026-01-15 11:54:48.888595,63801.64120821374,3,1,2026,0.016431134540455083,63139.454831469324,62635.579620084514,63838.0750745272
2026-01-16 11:54:48.888595,63597.03149094896,4,1,2026,-0.00320696636309159,63265.54772480839,62713.564366346654,63799.37264330394
2026-01-17 11:54:48.888595,64076.35204190517,5,1,2026,0.007536838429706094,63324.5024907099,62881.03493285309,63813.57241919248
2026-01-18 11:54:48.888595,64105.61379778391,6,1,2026,0.00045667012784367245,63428.38249326537,62977.786266882336,63779.661786784614
2026-01-19 11:54:48.888595,63889.795752981976,0,1,2026,-0.0033666013320254873,63580.090293768895,63084.08560567993,63728.56149619774
2026-01-20 11:54:48.888595,64134.25430862956,1,1,2026,0.003826253516175493,63767.84904406169,63172.09330559238,63721.3087555334
2026-01-21 11:54:48.888595,63888.044792986584,2,1,2026,-0.003838970582836443,63927.533341921415,63334.88252991652,63682.24914772455
2026-01-22 11:54:48.888595,64188.4518740126,3,1,2026,0.004702086000587524,63982.79200846411,63470.162049460894,63623.33715134384
2026-01-23 11:54:48.888595,64613.690483317354,4,1,2026,0.006624846010298002,64128.02900737389,63631.294557523426,63624.58651718827
2026-01-24 11:54:48.888595,62830.38465692421,5,1,2026,-0.027599504269974817,63950.03366666231,63639.02811881334,63547.18593591307
2026-01-25 11:54:48.888595,63629.639295140536,6,1,2026,0.012720829938898781,63882.03730914184,63636.759493116406,63528.51105719024
2026-01-26 11:54:48.888595,63413.555455522765,0,1,2026,-0.0033959620392547407,63814.00298093337,63639.099604824885,63509.70071351174
2026-01-27 11:54:48.888595,63223.03387299061,1,1,2026,-0.003004429907195294,63683.82863298495,63665.445786393764,63458.882017354415
2026-01-28 11:54:48.888595,63405.3067295937,2,1,2026,0.0028830134436328425,63614.86605250025,63704.47003126134,63360.05885359095
2026-01-29 11:54:48.888595,64119.90103673488,3,1,2026,0.011270260235294316,63605.073075746295,63794.44645317911,63295.91790751763
2026-01-30 11:54:48.888595,63923.03609130579,4,1,2026,-0.0030702627771728164,63506.40816260178,63802.53944538524,63219.05953273488
2026-01-31 11:54:48.888595,64108.41726417842,5,1,2026,0.002900068335424999,63688.98424935238,63836.63183026721,63275.098098306924
2026-02-01 11:54:48.888595,63394.08140137216,6,2,2026,-0.01114262203452343,63655.33312167118,63791.147120898335,63336.09102687571
2026-02-02 11:54:48.888595,64477.244234655795,0,2,2026,0.01708618232711223,63807.28866154734,63815.922483356466,63396.85437511941
2026-02-03 11:54:48.888595,63553.397730146884,1,2,2026,-0.014328256665975037,63854.483498283946,63793.49594850079,63438.79077709036
2026-02-04 11:54:48.888595,64270.89567491558,2,2,2026,0.011289686631944518,63978.13906190136,63802.605372919854,63487.349339256114
2026-02-05 11:54:48.888595,63804.09326910034,3,2,2026,-0.007263044974140986,63933.02366652499,63797.008604660776,63565.94556728865
2026-02-06 11:54:48.888595,64460.80896906026,4,2,2026,0.010292689172623382,64009.84836334706,63815.16574433062,63642.66389689575
2026-02-07 11:54:48.888595,63821.51954293373,5,2,2026,-0.009917489965621917,63968.862974597825,63762.354348305045,63696.82445291423
2026-02-08 11:54:48.888595,63988.6560776172,6,2,2026,0.002618811583936509,64053.8022140614,63839.57244301792,63739.300280915624
2026-02-09 11:54:48.888595,65241.62630714569,0,2,2026,0.01958113056802846,64162.999652988525,63947.03824381825,63791.89886846733
2026-02-10 11:54:48.888595,63795.091639483246,1,2,2026,-0.022171959062645463,64197.527354322294,63972.473989415616,63805.78679712025
2026-02-11 11:54:48.888595,64325.65892783143,2,2,2026,0.008316741534701633,64205.350676167414,64045.98232640501,63855.71405639939
2026-02-12 11:54:48.888595,64580.39740643213,3,2,2026,0.0039601378803830745,64316.251267214815,64124.3217048609,63914.39586806112
2026-02-13 11:54:48.888595,66015.55127975941,4,2,2026,0.02222274762874621,64538.357311600405,64250.6983877292,64022.572420454155
2026-02-14 11:54:48.888595,66028.37178597072,5,2,2026,0.00019420433462680187,64853.62191774854,64391.05410070686,64096.79677304605
2026-02-15 11:54:48.888595,64673.87209598817,6,2,2026,-0.020513904149766615,64951.50992037297,64428.75108949418,64132.69145988069
2026-02-16 11:54:48.888595,64398.29819371404,0,2,2026,-0.004260977321183468,64831.03447559702,64495.69887565031,64143.42299827432
2026-02-17 11:54:48.888595,64296.000724944424,1,2,2026,-0.00158851198927501,64902.59291637719,64483.61597500288,64149.76922917968
2026-02-18 11:54:48.888595,65257.6134757275,2,2,2026,0.014956027434689378,65035.729280362335,64597.23035804159,64195.36315327119
2026-02-19 11:54:48.888595,64797.74834200701,3,2,2026,-0.007046919266999185,65066.779414015895,64632.353869181024,64217.47962105044
2026-02-20 11:54:48.888595,64437.45808236229,4,2,2026,-0.005560228076801121,64841.33752867345,64674.57819006514,64235.793397362955
2026-02-21 11:54:48.888595,64867.18609163636,5,2,2026,0.006668916218339982,64675.45385805425,64701.669998236895,64258.41787128375
2026-02-22 11:54:48.888595,64878.15303276852,6,2,2026,0.00016906762560453537,64704.63684902288,64772.11223089254,64267.2332895988
2026-02-23 11:54:48.888595,65699.46290321252,0,2,2026,0.01265926713464216,64890.517521808375,64886.16601926556,64362.86923114174
2026-02-24 11:54:48.888595,65473.723358300194,1,2,2026,-0.0034359420143948993,65058.76361228777,64901.639156009194,64424.33869991372
2026-02-25 11:54:48.888595,64514.49618261231,2,2,2026,-0.0146505670746504,64952.6039989856,64949.59945888446,64461.03672415004
2026-02-26 11:54:48.888595,64644.881718819335,3,2,2026,0.002021026961722905,64930.76590995879,64970.88097828366,64508.43165234433
2026-02-27 11:54:48.888595,64957.995593670516,4,2,2026,0.004843598851539399,65005.12841157425,64996.05419076622,64560.18794781356
2026-02-28 11:54:48.888595,66210.70118876474,5,2,2026,0.01928485606191166,65197.05913973545,65009.06418469991,64629.88128621456
2026-03-01 11:54:48.888595,65050.13635857006,6,3,2026,-0.017528357340393375,65221.628186278525,64943.848489539865,64667.45129512336
2026-03-02 11:54:48.888595,65186.889429966126,0,3,2026,0.0021022718636938276,65148.40340438618,64978.0496451384,64703.400367316295
2026-03-03 11:54:48.888595,64869.619813378486,1,3,2026,-0.004867077097281958,65062.1028979688,65009.47108644935,64752.58498104984
2026-03-04 11:54:48.888595,65344.74476741381,2,3,2026,0.007324306129775415,65180.70983865473,65079.387355947314,64781.501665475094
2026-03-05 11:54:48.888595,64725.08771676332,3,3,2026,-0.009482890366410923,65192.167838361005,65043.88563868304,64820.55799836232
2026-03-06 11:54:48.888595,64805.762631793004,4,3,2026,0.0012464241899943218,65170.420272378506,65044.419924668764,64838.3868969249
2026-03-07 11:54:48.888595,65951.42314708821,5,3,2026,0.01767837409466977,65133.380552139,65145.35092898384,64909.96455952449
2026-03-08 11:54:48.888595,65810.64302270567,6,3,2026,-0.002134603283215908,65242.02436130123,65208.24805772179,64954.95902797934
2026-03-09 11:54:48.888595,65795.13437980259,0,3,2026,-0.00023565554431259628,65328.91649699216,65269.380147524054,65020.7461892083
2026-03-10 11:54:48.888595,65991.94422820189,1,3,2026,0.002991252320623028,65489.24855625264,65288.87890252335,65087.522460894455
